entity,hypernym,neg_hypernym,depth,level,pageviews,go_id,parent_id,namespace
nicotinamide metabolic process,alkaloid metabolic process,growth factor binding,5,1,1.07e-07,GO:0006769,GO:0009820,biological_process
somite specification,segment specification,intercellular transport,5,1,2.63e-08,GO:0001757,GO:0007379,biological_process
ethylbenzene catabolic process,hydrocarbon catabolic process,ATPase-coupled transmembrane transporter activity,5,1,3.02e-08,GO:0018915,GO:0120253,biological_process
autophagosome membrane docking,organelle localization by membrane tethering,cell projection,5,1,1.15e-08,GO:0016240,GO:0140056,biological_process
methotrexate transmembrane transporter activity,dicarboxylic acid transmembrane transporter activity,nuclear protein-containing complex,5,1,3.02e-07,GO:0015350,GO:0005310,molecular_function
structural constituent of adult chitin-based cuticle,structural constituent of chitin-based cuticle,kinase activity,5,1,1.51e-05,GO:0008012,GO:0005214,molecular_function
cilium,membrane-bounded organelle,protein binding,5,1,5.13e-08,GO:0005929,GO:0043227,cellular_component
molecular sequestering activity,molecular_function,cell cycle phase,2,1,1.29e-05,GO:0140313,GO:0003674,molecular_function
pyrimidine nucleobase transmembrane transporter activity,nucleobase transmembrane transporter activity,ATPase-coupled transmembrane transporter activity,5,1,1.02e-07,GO:0005350,GO:0015205,molecular_function
arrestin family protein binding,protein binding,viral capsid,4,1,2.82e-08,GO:1990763,GO:0005515,molecular_function
epidermal growth factor binding,growth factor binding,regulation of hormone levels,4,1,4.47e-07,GO:0048408,GO:0019838,molecular_function
hair follicle development,anatomical structure development,pattern specification process,4,1,0.00012,GO:0001942,GO:0048856,biological_process
Mullerian duct regression,anatomical structure regression,antigen processing and presentation,4,1,2.51e-08,GO:0001880,GO:0060033,biological_process
nuclear pre-replicative complex,nuclear protein-containing complex,axis specification,4,1,5.37e-05,GO:0005656,GO:0140513,cellular_component
neutral L-amino acid transmembrane transporter activity,amino acid transmembrane transporter activity,dicarboxylic acid transmembrane transporter activity,5,1,1.74e-05,GO:0015175,GO:0015171,molecular_function
quaternary ammonium group:proton symporter activity,quaternary ammonium group transmembrane transporter activity,transcription regulator complex,5,1,7.08e-07,GO:0015652,GO:0015651,molecular_function
interferon regulatory factor 7 complex,interferon regulatory factor complex,intracellular protein transport,4,1,5.75e-07,GO:0097074,GO:0097071,cellular_component
phosphatidylserine binding,anion binding,phosphorus metabolic process,4,1,4.07e-08,GO:0001786,GO:0043168,molecular_function
endoplasmic reticulum membrane-lipid droplet contact site,cellular anatomical structure,anatomical structure development,3,1,2.51e-07,GO:0160259,GO:0110165,cellular_component
response to vitamin B1,response to vitamin,developmental process involved in reproduction,5,1,0.000107,GO:0010266,GO:0033273,biological_process
molecular sensor activity,molecular function regulator activity,protein-containing complex,3,1,1.29e-05,GO:0140299,GO:0098772,molecular_function
Golgi vesicle transport,vesicle-mediated transport,cellular anatomical structure,4,1,2.88e-07,GO:0048193,GO:0016192,biological_process
coenzyme A transmembrane transporter activity,organophosphate ester transmembrane transporter activity,generation of precursor metabolites and energy,5,1,2.57e-07,GO:0015228,GO:0015605,molecular_function
anatomical structure homeostasis,multicellular organismal-level homeostasis,anatomical structure development,4,1,1.62e-06,GO:0060249,GO:0048871,biological_process
LDL-containing protein-lipid-RNA complex,protein-lipid-RNA complex,"ligase activity, forming carbon-carbon bonds",4,1,8.07e-07,GO:1990686,GO:1990684,cellular_component
helical viral capsid,viral capsid,amino acid transmembrane transporter activity,4,1,6.46e-07,GO:0019029,GO:0019028,cellular_component
N-acetylglucosaminylphosphatidylinositol deacetylase activity,"hydrolase activity, acting on carbon-nitrogen (but not peptide) bonds, in linear amides",plant organ formation,5,1,0.0,GO:0000225,GO:0016811,molecular_function
tryptophanase activity,carbon-carbon lyase activity,cardiac muscle adaptation,5,1,0.0,GO:0009034,GO:0016830,molecular_function
floral organ formation,plant organ formation,"catalytic activity, acting on a protein",4,1,5.89e-06,GO:0048449,GO:1905393,biological_process
circadian regulation of gene expression,circadian rhythm,oxidoreductase activity,4,1,9.33e-07,GO:0032922,GO:0007623,biological_process
somatic sex determination,sex determination,protein-lipid-RNA complex,5,1,8.51e-07,GO:0018993,GO:0007530,biological_process
tRNA queuosine(34) biosynthetic process,biosynthetic process,membrane protein complex,5,1,3.39e-07,GO:0008616,GO:0009058,biological_process
cardiac muscle hypertrophy in response to stress,cardiac muscle adaptation,transcription regulator complex,5,1,6.92e-06,GO:0014898,GO:0014887,biological_process
growth cone membrane,cellular anatomical structure,nuclear protein-containing complex,3,1,0.000107,GO:0032584,GO:0110165,cellular_component
type I oncostatin-M receptor complex,plasma membrane signaling receptor complex,cardiac muscle adaptation,5,1,0.000186,GO:0005900,GO:0098802,cellular_component
larval serum protein complex,extracellular protein-containing complex,protein-containing complex,4,1,8.13e-07,GO:0005616,GO:0140392,cellular_component
tissue regeneration,regeneration,meiotic cell cycle process,4,1,2.09e-05,GO:0042246,GO:0031099,biological_process
RNA polymerase I complex,nuclear protein-containing complex,protein-containing complex destabilizing activity,4,1,4.79e-06,GO:0005736,GO:0140513,cellular_component
ABIN2-NFKB1-MAP3K8 complex,intracellular protein-containing complex,carbon-sulfur lyase activity,4,1,0.0,GO:0034977,GO:0140535,cellular_component
DNA helicase A complex,nuclear protein-containing complex,amine metabolic process,4,1,3.09e-05,GO:0033203,GO:0140513,cellular_component
"oxidoreductase activity, acting on the aldehyde or oxo group of donors",oxidoreductase activity,phosphorus metabolic process,4,1,4.37e-08,GO:0016903,GO:0016491,molecular_function
central B cell deletion,programmed cell death involved in cell development,molecular function regulator activity,5,1,0.000132,GO:0002342,GO:0010623,biological_process
chaperone-mediated autophagy translocation complex,membrane protein complex,"catalytic activity, acting on a protein",4,1,4.79e-07,GO:0061742,GO:0098796,cellular_component
stress-induced homeostatically regulated protein degradation pathway,response to chemical,interferon regulatory factor complex,4,1,9.11e-06,GO:0120174,GO:0042221,biological_process
neuropeptide signaling pathway,G protein-coupled receptor signaling pathway,anatomical structure regression,5,1,1.02e-07,GO:0007218,GO:0007186,biological_process
growth,biological_process,developmental growth,2,1,0.000107,GO:0040007,GO:0008150,biological_process
pyruvate carboxylase activity,"ligase activity, forming carbon-carbon bonds",quaternary ammonium group transmembrane transporter activity,5,1,2.95e-07,GO:0004736,GO:0016885,molecular_function
molecular function activator activity,molecular function regulator activity,immune system process,3,1,1.29e-05,GO:0140677,GO:0098772,molecular_function
IgG binding,immunoglobulin binding,quaternary ammonium group transmembrane transporter activity,5,1,5.01e-07,GO:0019864,GO:0019865,molecular_function
hemocyte proliferation,immune system process,membrane protein complex,3,1,1.1e-08,GO:0035172,GO:0002376,biological_process
interleukin-15 receptor complex,signaling receptor complex,biological regulation,4,1,4.89e-07,GO:1905543,GO:0043235,cellular_component
primary shoot apical meristem specification,developmental process involved in reproduction,autophagy,4,1,7.59e-05,GO:0010072,GO:0003006,biological_process
catalytic activity,molecular_function,molecular function regulator activity,2,1,1.66e-06,GO:0003824,GO:0003674,molecular_function
immune response in gut-associated lymphoid tissue,immune response,detection of chemical stimulus,4,1,1.38e-05,GO:0002387,GO:0006955,biological_process
lysine:proton symporter activity,amino acid:proton symporter activity,developmental process involved in reproduction,5,1,0.0,GO:0015493,GO:0005280,molecular_function
cellular homeostasis,homeostatic process,"hydrolase activity, acting on carbon-nitrogen (but not peptide) bonds, in linear amides",3,1,7.76e-06,GO:0019725,GO:0042592,biological_process
aminoacyl-tRNA ligase activity,"ligase activity, forming carbon-oxygen bonds",actin filament-based process,5,1,3.64e-08,GO:0004812,GO:0016875,molecular_function
formate efflux transmembrane transporter activity,formate transmembrane transporter activity,postsynaptic specialization,5,1,1.15e-07,GO:0015660,GO:0015499,molecular_function
plus-end kinesin complex,kinesin complex,postsynaptic specialization,5,1,7.51e-05,GO:0005873,GO:0005871,cellular_component
peptide binding,binding,cell cycle phase,3,1,2e-06,GO:0042277,GO:0005488,molecular_function
"molting cycle, collagen and cuticulin-based cuticle",molting cycle,quaternary ammonium group transmembrane transporter activity,4,1,1.7e-07,GO:0018996,GO:0042303,biological_process
mammary gland alveolus development,anatomical structure development,viral capsid,4,1,4.27e-07,GO:0060749,GO:0048856,biological_process
borate transmembrane transport,transmembrane transport,developmental process involved in reproduction,4,1,1.15e-07,GO:0035445,GO:0055085,biological_process
bacterial-type flagellum,membraneless organelle,nuclear protein-containing complex,4,1,5.22e-06,GO:0009288,GO:0043228,cellular_component
MKS complex,protein-containing complex,postsynaptic specialization,3,1,1.86e-07,GO:0036038,GO:0032991,cellular_component
plasma lipoprotein particle clearance,multicellular organismal process,membrane protein complex,3,1,8.91e-06,GO:0034381,GO:0032501,biological_process
cellular component assembly involved in morphogenesis,cellular component assembly,anatomical structure formation involved in morphogenesis,4,1,7.76e-06,GO:0010927,GO:0022607,biological_process
aminoacyl-tRNA synthetase multienzyme complex,catalytic complex,anatomical structure formation involved in morphogenesis,4,1,3.64e-08,GO:0017101,GO:1902494,cellular_component
O-acetylhomoserine aminocarboxypropyltransferase activity,"transferase activity, transferring alkyl or aryl (other than methyl) groups",protein-containing complex,5,1,0.0,GO:0003961,GO:0016765,molecular_function
photosystem II,photosystem,reproductive process in single-celled organism,5,1,6.92e-08,GO:0009523,GO:0009521,cellular_component
stereocilium base,cellular anatomical structure,cysteine-type endopeptidase activity,3,1,0.0,GO:0120044,GO:0110165,cellular_component
macroautophagy,autophagy,generation of precursor metabolites and energy,5,1,0.0,GO:0016236,GO:0006914,biological_process
amine biosynthetic process,amine metabolic process,membrane protein complex,5,1,6.17e-07,GO:0009309,GO:0009308,biological_process
penetration of cumulus oophorus,multicellular organismal reproductive process,cardiac muscle adaptation,4,1,5.13e-06,GO:0061956,GO:0048609,biological_process
"retrograde transport, endosome to Golgi",intercellular transport,molecular function regulator activity,4,1,1.23e-06,GO:0042147,GO:0010496,biological_process
peptidyl-proline hydroxylation to 4-hydroxy-L-proline,non-proteinogenic amino acid metabolic process,establishment or maintenance of polarity of follicular epithelium,5,1,2.67e-08,GO:0018401,GO:0170041,biological_process
negative regulation of HRI-mediated signaling,biological regulation,anatomical structure regression,3,1,6.17e-05,GO:0141191,GO:0065007,biological_process
nucleotide transmembrane transporter activity,organophosphate ester transmembrane transporter activity,cellular process,5,1,1e-06,GO:0015215,GO:0015605,molecular_function
nuclear RNA-directed RNA polymerase complex,nuclear protein-containing complex,autophagy,4,1,5.37e-05,GO:0031380,GO:0140513,cellular_component
positive regulation of immune system process,regulation of immune system process,protein binding,5,1,9.77e-05,GO:0002684,GO:0002682,biological_process
secondary active cyanate transmembrane transporter activity,secondary active transmembrane transporter activity,quaternary ammonium group transmembrane transporter activity,5,1,3.39e-05,GO:0015541,GO:0015291,molecular_function
blood vessel maturation,anatomical structure maturation,molecular function regulator activity,5,1,0.000126,GO:0001955,GO:0071695,biological_process
"anterior/posterior axis specification, follicular epithelium",establishment or maintenance of polarity of follicular epithelium,anatomical structure morphogenesis,4,1,1.47e-06,GO:0030714,GO:0016334,biological_process
virion component,cellular_component,phosphoprotein phosphatase activity,2,1,1.51e-07,GO:0044423,GO:0005575,cellular_component
triglyceride binding,lipid binding,cellular anatomical structure,4,1,2.51e-07,GO:0017129,GO:0008289,molecular_function
optic cup formation involved in camera-type eye development,anatomical structure formation involved in morphogenesis,protein-containing complex,4,1,4.47e-06,GO:0003408,GO:0048646,biological_process
neuroblast development,cell development,response to osmotic stress,5,1,1.62e-08,GO:0014019,GO:0048468,biological_process
endoplasmic reticulum to chloroplast transport,intracellular transport,circadian rhythm,4,1,2.51e-07,GO:1901965,GO:0046907,biological_process
"bacterial-type flagellum basal body, rod",cellular anatomical structure,regulation of immune system process,3,1,5.22e-06,GO:0030694,GO:0110165,cellular_component
smooth muscle hyperplasia,muscle hyperplasia,tetrapyrrole metabolic process,5,1,2.51e-05,GO:0014806,GO:0014900,biological_process
embryonic meristem initiation,meristem initiation,quaternary ammonium group transmembrane transporter activity,4,1,1.7e-06,GO:0090421,GO:0010014,biological_process
exine,cellular anatomical structure,radial spoke head,3,1,0.0,GO:0043668,GO:0110165,cellular_component
RBL family protein binding,protein binding,membrane protein complex,4,1,1.26e-07,GO:0061675,GO:0005515,molecular_function
nuclear localization sequence binding,signal sequence binding,intramembrane lipid carrier activity,5,1,5.37e-05,GO:0008139,GO:0005048,molecular_function
glycine-gated chloride channel complex,plasma membrane protein complex,growth factor binding,5,1,3.29e-07,GO:0016935,GO:0098797,cellular_component
beta-catenin binding,protein binding,heterocyclic compound binding,4,1,1.47e-07,GO:0008013,GO:0005515,molecular_function
lateral plasma membrane,cellular anatomical structure,developmental process involved in reproduction,3,1,5.62e-06,GO:0016328,GO:0110165,cellular_component
protein asparagine deamidase activity,"catalytic activity, acting on a protein",choline transmembrane transporter activity,4,1,3.39e-05,GO:0160260,GO:0140096,molecular_function
radial spoke head 1,radial spoke head,anatomical structure development,4,1,2.82e-06,GO:0120336,GO:0001535,cellular_component
"intramolecular oxidoreductase activity, transposing C=C bonds",intramolecular oxidoreductase activity,vesicle-mediated transport,5,1,1.38e-07,GO:0016863,GO:0016860,molecular_function
meiotic spindle pole body organization,meiotic cell cycle process,cellular anatomical structure,4,1,1.26e-07,GO:1990395,GO:1903046,biological_process
system development,anatomical structure development,cellular anatomical structure,4,1,0.000363,GO:0048731,GO:0048856,biological_process
Ire1 complex,serine/threonine protein kinase complex,zinc ion import into organelle,4,1,0.0,GO:1990332,GO:1902554,cellular_component
subplasmalemmal coating,cellular anatomical structure,multicellular organismal-level homeostasis,3,1,0.0,GO:0044280,GO:0110165,cellular_component
female germline ring canal inner rim,cellular anatomical structure,cell-cell adhesion,3,1,0.0001,GO:0035183,GO:0110165,cellular_component
amino-acid betaine transmembrane transporter activity,modified amino acid transmembrane transporter activity,cell cycle,5,1,4.42e-06,GO:0015199,GO:0072349,molecular_function
negative regulation of female receptivity,regulation of female receptivity,nuclear protein-containing complex,5,1,6.17e-05,GO:0007621,GO:0045924,biological_process
response to antineoplastic agent,response to chemical,phosphorus metabolic process,4,1,0.000107,GO:0097327,GO:0042221,biological_process
secondary growth,lateral growth,nuclear protein-containing complex,4,1,3.39e-05,GO:0080117,GO:0080190,biological_process
collagen type II trimer,fibrillar collagen trimer,carbon-carbon lyase activity,5,1,1.78e-06,GO:0005585,GO:0005583,cellular_component
immune response to tumor cell,immune response,"transferase activity, transferring alkyl or aryl (other than methyl) groups",4,1,1.38e-05,GO:0002418,GO:0006955,biological_process
protein import into nucleus,intracellular protein transport,neural precursor cell proliferation,5,1,3.39e-05,GO:0006606,GO:0006886,biological_process
phosphatidylcholine intramembrane carrier activity,intramembrane lipid carrier activity,lateral growth,4,1,5.5e-08,GO:0008525,GO:0140303,molecular_function
"pentose-phosphate shunt, non-oxidative branch",generation of precursor metabolites and energy,developmental process involved in reproduction,5,1,4.81e-08,GO:0009052,GO:0006091,biological_process
floral whorl development,developmental process involved in reproduction,epithelial cell proliferation,4,1,5.89e-06,GO:0048438,GO:0003006,biological_process
cardiac muscle tissue growth involved in heart morphogenesis,cardiac muscle tissue growth,protein binding,5,1,6.92e-06,GO:0003245,GO:0055017,biological_process
progesterone secretion,ovulation cycle process,nuclear protein-containing complex,4,1,1.02e-06,GO:0042701,GO:0022602,biological_process
hormone metabolic process,regulation of hormone levels,alkaloid metabolic process,4,1,6.61e-06,GO:0042445,GO:0010817,biological_process
GATA2-TAL1-TCF3-Lmo2 complex,nuclear protein-containing complex,plant organ formation,4,1,0.0,GO:0070354,GO:0140513,cellular_component
protein-fructosamine 3-kinase activity,kinase activity,biosynthetic process,4,1,0.0,GO:0102194,GO:0016301,molecular_function
glycine binding,amino acid binding,cardiac muscle adaptation,4,1,4.07e-07,GO:0016594,GO:0016597,molecular_function
protein-containing complex stabilizing activity,molecular_function,3-hydroxyphenyl propanoate transmembrane transporter activity,2,1,1.5e-05,GO:0140777,GO:0003674,molecular_function
meiotic strand displacement,DNA strand displacement,dicarboxylic acid transmembrane transporter activity,5,1,1.26e-07,GO:0000714,GO:0000732,biological_process
endoplasmic reticulum to Golgi vesicle-mediated transport,intracellular transport,anatomical structure development,4,1,2.51e-07,GO:0006888,GO:0046907,biological_process
coenzyme A binding,heterocyclic compound binding,cell development,4,1,2.57e-07,GO:0120225,GO:1901363,molecular_function
meprin A complex,membrane protein complex,sex determination,4,1,0.0,GO:0017090,GO:0098796,cellular_component
nerve growth factor production,neurotrophin production,miRNA binding,4,1,1.55e-05,GO:0032902,GO:0032898,biological_process
porphyrin-containing compound metabolic process,tetrapyrrole metabolic process,nucleobase metabolic process,5,1,7.92e-08,GO:0006778,GO:0033013,biological_process
antigen processing and presentation of endogenous antigen,antigen processing and presentation,tetrapyrrole metabolic process,4,1,1.62e-06,GO:0019883,GO:0019882,biological_process
synaptic assembly at neuromuscular junction,neuromuscular junction development,cellular component assembly,4,1,1.05e-06,GO:0051124,GO:0007528,biological_process
cysteine sulfinate desulfinase activity,carbon-sulfur lyase activity,cellular anatomical structure,5,1,4.57e-07,GO:0008826,GO:0016846,molecular_function
regulation of floral organ abscission by signal transduction,regulation of floral organ abscission,cell-cell adhesion,4,1,2.4e-05,GO:0060863,GO:0060860,biological_process
RNA polymerase I transcription regulator complex,transcription regulator complex,ovulation cycle process,4,1,4.79e-06,GO:0000120,GO:0005667,cellular_component
"ligase activity, forming carbon-nitrogen bonds",ligase activity,intracellular transport,4,1,1.12e-07,GO:0016879,GO:0016874,molecular_function
RNA polymerase I transcription repressor complex,nuclear protein-containing complex,serine/threonine protein kinase complex,4,1,4.79e-06,GO:0090570,GO:0140513,cellular_component
detection of hormone stimulus,detection of chemical stimulus,organophosphate ester transmembrane transporter activity,5,1,1.15e-05,GO:0009720,GO:0009593,biological_process
Shu complex,protein-containing complex,aldonate transmembrane transporter activity,3,1,1.55e-06,GO:0097196,GO:0032991,cellular_component
purine nucleobase metabolic process,nucleobase metabolic process,nucleobase transmembrane transporter activity,5,1,1.51e-07,GO:0006144,GO:0009112,biological_process
cell proliferation in hindbrain,neural precursor cell proliferation,multicellular organismal-level homeostasis,5,1,7.41e-05,GO:0021534,GO:0061351,biological_process
response to vitamin B1,response to alcohol,miRNA binding,5,1,0.000107,GO:0010266,GO:0097305,biological_process
medial cortex septin ring,cleavage apparatus septin structure,molecular_function,4,1,1.62e-06,GO:0036391,GO:0032161,cellular_component
deoxyribonucleotide catabolic process,catabolic process,anatomical structure morphogenesis,5,1,0.0,GO:0009264,GO:0009056,biological_process
radial spoke neck,protein-containing complex,cellular anatomical structure,3,1,2.82e-06,GO:0120343,GO:0032991,cellular_component
NAGS/NAGK complex,mitochondrial protein-containing complex,immune system process,4,1,0.0,GO:0106098,GO:0098798,cellular_component
peptidyltransferase activity,"catalytic activity, acting on a protein",mitotic cell cycle,4,1,0.0,GO:0000048,GO:0140096,molecular_function
ubiquitin conjugating enzyme complex,intracellular protein-containing complex,developmental growth,4,1,1.95e-07,GO:0031371,GO:0140535,cellular_component
L-DOPA binding,modified amino acid binding,cellular anatomical structure,4,1,1.44e-07,GO:0072544,GO:0072341,molecular_function
ovarian follicle development,anatomical structure development,"transferase activity, transferring alkyl or aryl (other than methyl) groups",4,1,2.88e-06,GO:0001541,GO:0048856,biological_process
phosphate-containing compound metabolic process,phosphorus metabolic process,cellular process,5,1,2.4e-06,GO:0006796,GO:0006793,biological_process
multicellular organism growth,developmental growth,generation of precursor metabolites and energy,3,1,2.82e-07,GO:0035264,GO:0048589,biological_process
actin cytoskeleton organization,actin filament-based process,cellular anatomical structure,4,1,1.38e-06,GO:0030036,GO:0030029,biological_process
energy derivation by oxidation of reduced inorganic compounds,generation of precursor metabolites and energy,cellular_component,5,1,0.00017,GO:0015975,GO:0006091,biological_process
synoviocyte proliferation,epithelial cell proliferation,anatomical structure development,5,1,0.0,GO:0002941,GO:0050673,biological_process
light absorption,cellular process,cellular anatomical structure,3,1,0.000214,GO:0016037,GO:0009987,biological_process
proline binding,heterocyclic compound binding,nuclear protein-containing complex,4,1,2.82e-07,GO:1901973,GO:1901363,molecular_function
protein tyrosine phosphatase activity,phosphoprotein phosphatase activity,molecular function regulator activity,5,1,3.39e-05,GO:0004725,GO:0004721,molecular_function
choline:sodium symporter activity,choline transmembrane transporter activity,nucleobase metabolic process,5,1,0.0,GO:0005307,GO:0015220,molecular_function
renal system pattern specification,pattern specification process,biological_process,4,1,2.75e-06,GO:0072048,GO:0007389,biological_process
actin filament severing activity,protein-containing complex destabilizing activity,immunoglobulin binding,3,1,1.38e-06,GO:0003789,GO:0140776,molecular_function
cellularization cleavage furrow invagination front,cellular anatomical structure,detection of chemical stimulus,3,1,0.0,GO:0110071,GO:0110165,cellular_component
pole cell development,developmental process involved in reproduction,DNA binding,4,1,1.7e-05,GO:0007277,GO:0003006,biological_process
oocyte axis specification,axis specification,nuclear protein-containing complex,4,1,1.78e-07,GO:0007309,GO:0009798,biological_process
demethylation,metabolic process,cellular anatomical structure,4,1,6.17e-08,GO:0070988,GO:0008152,biological_process
membrane protein dislocase activity,protein carrier activity,binding,3,1,6.61e-06,GO:0140567,GO:0140597,molecular_function
exodeoxyribonuclease V complex,catalytic complex,organophosphate ester transmembrane transporter activity,4,1,0.0,GO:0009338,GO:1902494,cellular_component
kinesin II complex,kinesin complex,"ligase activity, forming carbon-oxygen bonds",5,1,5.89e-08,GO:0016939,GO:0005871,cellular_component
zinc ion import into synaptic vesicle,zinc ion import into organelle,cellular anatomical structure,4,1,4.47e-06,GO:0099180,GO:0062111,biological_process
floral whorl structural organization,anatomical structure arrangement,immunoglobulin binding,4,1,5.89e-06,GO:0048459,GO:0048532,biological_process
postsynaptic density,postsynaptic specialization,anatomical structure development,5,1,1.95e-07,GO:0014069,GO:0099572,cellular_component
radial spoke base 2,radial spoke base,homeostatic process,4,1,2.82e-06,GO:0120341,GO:0120339,cellular_component
response to non-ionic osmotic stress,response to osmotic stress,radial spoke head,5,1,0.000107,GO:0010335,GO:0006970,biological_process
ascospore formation,reproductive process in single-celled organism,intramolecular oxidoreductase activity,4,1,0.0,GO:0030437,GO:0022413,biological_process
organelle membrane contact site,cellular anatomical structure,binding,3,1,1.35e-07,GO:0044232,GO:0110165,cellular_component
sorocarp stalk morphogenesis,anatomical structure morphogenesis,quaternary ammonium group transmembrane transporter activity,4,1,0.0,GO:0036360,GO:0009653,biological_process
anaphase,cell cycle phase,regulation of hormone levels,4,1,8.71e-08,GO:0051322,GO:0022403,biological_process
"icosahedral viral capsid, spike",virion component,antigen processing and presentation,3,1,6.17e-08,GO:0098029,GO:0044423,cellular_component
dichotomous subdivision of prostate epithelial cord terminal unit,developmental process involved in reproduction,quaternary ammonium group transmembrane transporter activity,4,1,2.04e-07,GO:0060524,GO:0003006,biological_process
endomitotic cell cycle,mitotic cell cycle,protein-lipid-RNA complex,5,1,0.0,GO:0007113,GO:0000278,biological_process
tRNA-uridine aminocarboxypropyltransferase activity,"transferase activity, transferring alkyl or aryl (other than methyl) groups",membrane-bounded organelle,5,1,6.2e-08,GO:0016432,GO:0016765,molecular_function
ATPase-coupled phosphate ion transmembrane transporter activity,ATPase-coupled transmembrane transporter activity,membrane-bounded organelle,4,1,3.2e-07,GO:0015415,GO:0042626,molecular_function
endocardial cushion fusion,cell-cell adhesion,response to alcohol,5,1,2.34e-08,GO:0003274,GO:0098609,biological_process
interleukin-21 production,cytokine production,choline transmembrane transporter activity,4,1,4.88e-07,GO:0032625,GO:0001816,biological_process
regulation of cell growth,regulation of growth,carbon-sulfur lyase activity,5,1,2.4e-05,GO:0001558,GO:0040008,biological_process
ESCRT IV complex,ATPase complex,antigen processing and presentation,4,1,1.55e-08,GO:1990621,GO:1904949,cellular_component
miRNA inhibitor activity via base-pairing,miRNA binding,neuromuscular junction development,4,1,3.16e-07,GO:0140869,GO:0035198,molecular_function
L-idonate transmembrane transporter activity,aldonate transmembrane transporter activity,plant organ formation,5,1,0.0,GO:0015568,GO:0042879,molecular_function
phospholamban complex,membrane protein complex,actin filament-based process,4,1,0.0,GO:1990629,GO:0098796,cellular_component
carnitine transmembrane transporter activity,quaternary ammonium group transmembrane transporter activity,muscle hyperplasia,5,1,1.74e-07,GO:0015226,GO:0015651,molecular_function
mitotic cell cycle,cell cycle,catalytic complex,4,1,2.95e-07,GO:0000278,GO:0007049,biological_process
GPI-anchor transamidase activity,cysteine-type endopeptidase activity,"ligase activity, forming carbon-oxygen bonds",5,1,1.71e-07,GO:0003923,GO:0004197,molecular_function
detection of hydrogen ion,detection of chemical stimulus,cellular anatomical structure,5,1,1.15e-05,GO:0003030,GO:0009593,biological_process
3-hydroxyphenyl propionate:proton symporter activity,3-hydroxyphenyl propanoate transmembrane transporter activity,developmental process involved in reproduction,5,1,2.24e-08,GO:0015540,GO:0015551,molecular_function
single-stranded DNA binding,DNA binding,cell projection,5,1,4.92e-06,GO:0003697,GO:0003677,molecular_function
regulation of receptor recycling,regulation of macromolecule metabolic process,meiotic cell cycle process,5,1,2.4e-05,GO:0001919,GO:0060255,biological_process
thylakoid lumen,cellular anatomical structure,programmed cell death involved in cell development,3,1,3.98e-08,GO:0031977,GO:0110165,cellular_component
"DNA topoisomerase type II (double strand cut, ATP-hydrolyzing) activity",DNA topoisomerase activity,membraneless organelle,4,1,3.09e-05,GO:0003918,GO:0003916,molecular_function
archaeal-type flagellum,cell projection,segment specification,4,1,6.92e-08,GO:0097589,GO:0042995,cellular_component
alkane transport,transport,carbon-carbon lyase activity,5,1,6.92e-08,GO:0015895,GO:0006810,biological_process
viral transcriptional complex,protein-containing complex,regulation of growth,3,1,1.2e-05,GO:0019036,GO:0032991,cellular_component
nephron development,anatomical structure development,formate transmembrane transporter activity,4,1,4.9e-08,GO:0072006,GO:0048856,biological_process
ionotropic glutamate receptor signaling pathway,ligand-gated ion channel signaling pathway,maintenance of seed dormancy,5,2,1.91e-08,GO:0035235,GO:1990806,biological_process
positive regulation of membrane hyperpolarization,positive regulation of biological process,exopeptidase activity,5,2,9.77e-05,GO:1902632,GO:0048518,biological_process
Kdo2-lipid IVA acyltransferase activity,"acyltransferase activity, transferring groups other than amino-acyl groups",formation of animal organ boundary,6,2,0.0,GO:0008913,GO:0016747,molecular_function
ferroxidase complex,oxidoreductase complex,netrin receptor activity,5,2,0.0,GO:1905862,GO:1990204,cellular_component
regulation of lymphatic vessel size,lymphatic vascular process in circulatory system,cortical actin cytoskeleton organization,5,2,2.4e-05,GO:1990186,GO:1990183,biological_process
protein histidine phosphatase activity,phosphoprotein phosphatase activity,protein domain specific binding,5,2,3.39e-05,GO:0101006,GO:0004721,molecular_function
indole glucosinolate metabolic process,indole-containing compound metabolic process,organelle membrane,5,2,1.95e-07,GO:0042343,GO:0042430,biological_process
nucleolar exosome (RNase complex),nuclear exosome (RNase complex),nucleotide-sugar metabolic process,5,2,7.76e-08,GO:0101019,GO:0000176,cellular_component
RIP homotypic interaction motif binding,protein domain specific binding,oxidoreductase complex,5,2,1.82e-05,GO:0071551,GO:0019904,molecular_function
ABC-type choline transporter activity,ABC-type transporter activity,response to molecule of bacterial origin,5,2,1.59e-05,GO:0033266,GO:0140359,molecular_function
estrogen biosynthetic process,steroid hormone biosynthetic process,protein domain specific binding,6,2,2.29e-06,GO:0006703,GO:0120178,biological_process
glutathione catabolic process,glutathione metabolic process,pyrimidine nucleotide binding,6,2,4.9e-07,GO:0006751,GO:0006749,biological_process
response to trehalose-6-phosphate,response to oxygen-containing compound,"catalytic activity, acting on a tRNA",5,2,0.000107,GO:0080094,GO:1901700,biological_process
regulation of ovulation,regulation of multicellular organismal process,"oxidoreductase activity, acting on single donors with incorporation of molecular oxygen, incorporation of two atoms of oxygen",5,2,2.4e-05,GO:0060278,GO:0051239,biological_process
eosinophil extravasation,eosinophil migration,"phosphotransferase activity, carboxyl group as acceptor",5,2,5.62e-08,GO:0072682,GO:0072677,biological_process
endoplasmic reticulum cisternal network,endoplasmic reticulum subcompartment,positive regulation of translation,5,2,2.51e-07,GO:0071781,GO:0098827,cellular_component
calcium export from the mitochondrion,mitochondrial calcium ion transmembrane transport,phosphoric diester hydrolase activity,5,2,6.61e-06,GO:0099093,GO:0006851,biological_process
"homogentisate 1,2-dioxygenase activity","oxidoreductase activity, acting on single donors with incorporation of molecular oxygen, incorporation of two atoms of oxygen",cytokine binding,6,2,0.0,GO:0004411,GO:0016702,molecular_function
cobalt ion transport,monoatomic cation transmembrane transport,meiotic chromosome segregation,6,2,2.34e-06,GO:0006824,GO:0098655,biological_process
phosphoglucomutase activity,intramolecular phosphotransferase activity,negative regulation of biological process,6,2,0.0,GO:0004614,GO:0016868,molecular_function
cellular response to mechanical stimulus,cellular response to external stimulus,male meiotic nuclear division,5,2,7.76e-06,GO:0071260,GO:0071496,biological_process
establishment of centrosome localization,centrosome localization,protein-hormone receptor activity,5,2,2.63e-05,GO:0051660,GO:0051642,biological_process
genital disc morphogenesis,imaginal disc morphogenesis,cortical actin cytoskeleton organization,6,2,2.82e-06,GO:0007483,GO:0007560,biological_process
TIM22 mitochondrial import inner membrane insertion complex,inner mitochondrial membrane protein complex,ATPase-coupled carboxylic acid transmembrane transporter activity,5,2,0.0,GO:0042721,GO:0098800,cellular_component
ectoine binding,heterocyclic compound binding,glutathione metabolic process,5,2,0.0,GO:0033294,GO:1901363,molecular_function
Bcl3/NF-kappaB2 complex,I-kappaB/NF-kappaB complex,inner mitochondrial membrane protein complex,5,2,0.0,GO:0033257,GO:0033256,cellular_component
riboflavin binding,anion binding,"oxidoreductase activity, acting on paired donors, with incorporation or reduction of molecular oxygen, reduced ascorbate as one donor, and incorporation of one atom of oxygen",5,2,1.7e-07,GO:1902444,GO:0043168,molecular_function
beta-hydroxybutyrate transmembrane transporter activity,fatty acid transmembrane transporter activity,unidimensional cell growth,5,2,5.6e-08,GO:0097253,GO:0015245,molecular_function
nucleotide-sugar biosynthetic process,nucleotide-sugar metabolic process,response to nitrogen compound,6,2,9.8e-07,GO:0009226,GO:0009225,biological_process
mono-ADP-D-ribose binding,ADP-D-ribose binding,deaminase activity,5,2,1.28e-07,GO:0072571,GO:0072570,molecular_function
pyrimidine ribonucleotide binding,pyrimidine nucleotide binding,centromere clustering,5,2,1.02e-07,GO:0032557,GO:0019103,molecular_function
juvenile hormone secretion,terpenoid transport,monoatomic cation transmembrane transport,5,2,7.59e-06,GO:0045443,GO:0046865,biological_process
maintenance of seed dormancy by absisic acid,maintenance of seed dormancy,regulation of reproductive process,5,2,3.55e-05,GO:0098755,GO:0010231,biological_process
negative regulation of circadian rhythm,regulation of circadian rhythm,regulation of multicellular organismal process,5,2,6.17e-05,GO:0042754,GO:0042752,biological_process
interleukin-1 receptor binding,growth factor receptor binding,olefinic compound metabolic process,6,2,4.9e-07,GO:0005149,GO:0070851,molecular_function
"phosphodiesterase activity, acting on 3'-phosphoglycolate-terminated DNA strands",phosphoric diester hydrolase activity,regulation of response to nutrient levels,5,2,1.15e-07,GO:0090580,GO:0008081,molecular_function
regulation of collecting lymphatic vessel constriction,regulation of anatomical structure size,"oxidoreductase activity, acting on single donors with incorporation of molecular oxygen, incorporation of two atoms of oxygen",5,2,2.4e-05,GO:1903814,GO:0090066,biological_process
regulation of sulfur utilization,regulation of response to nutrient levels,response to ketone,6,2,2.4e-05,GO:0006792,GO:0032107,biological_process
delta(3)-delta(2)-enoyl-CoA isomerase activity,"intramolecular oxidoreductase activity, transposing C=C bonds","acyltransferase activity, transferring groups other than amino-acyl groups",6,2,0.0,GO:0004165,GO:0016863,molecular_function
negative regulation of receptor-mediated virion attachment to host cell,negative regulation of biological process,intracellular transport,5,2,6.17e-05,GO:1902735,GO:0048519,biological_process
complement component C4b receptor activity,opsonin receptor activity,carbon-sulfur lyase activity,6,2,5.89e-06,GO:0001861,GO:0001847,molecular_function
phosphatidylserine catabolic process,glycerophospholipid catabolic process,transmembrane signaling receptor activity,6,2,4.07e-08,GO:0006660,GO:0046475,biological_process
collagen and cuticulin-based cuticle development,cuticle development,smoothened signaling pathway,5,2,1.78e-06,GO:0040002,GO:0042335,biological_process
animal organ regeneration,regeneration,"intramolecular oxidoreductase activity, transposing C=C bonds",5,2,6.46e-05,GO:0031100,GO:0031099,biological_process
cellular response to temperature stimulus,response to temperature stimulus,steroid hormone binding,5,2,7.76e-06,GO:0071502,GO:0009266,biological_process
histone butyryltransferase activity,histone modifying activity,exopeptidase activity,5,2,5.13e-07,GO:0140069,GO:0140993,molecular_function
stereocilium coat,glycocalyx,growth factor binding,5,2,0.0,GO:0120234,GO:0030112,cellular_component
pupal development,instar larval or pupal development,larval behavior,5,2,1.41e-07,GO:0035209,GO:0002165,biological_process
cellular response to molecule of bacterial origin,response to molecule of bacterial origin,cytoplasmic side of membrane,5,2,7.76e-06,GO:0071219,GO:0002237,biological_process
ribonuclease P activity,"RNA endonuclease activity producing 5'-phosphomonoesters, hydrolytic mechanism",antigen processing and presentation of endogenous peptide antigen,6,2,6.61e-08,GO:0004526,GO:0016891,molecular_function
high molecular weight kininogen receptor binding,signaling receptor binding,regulation of reproductive process,5,2,0.000562,GO:0030987,GO:0005102,molecular_function
maintenance of right sidedness,maintenance of left/right asymmetry,larval behavior,5,2,3.55e-05,GO:0061970,GO:0061968,biological_process
actin cortical patch assembly,cortical actin cytoskeleton organization,regulation of multicellular organismal process,6,2,1.38e-06,GO:0000147,GO:0030866,biological_process
vitamin D receptor signaling pathway,hormone-mediated signaling pathway,imaginal disc pattern formation,5,2,1.02e-05,GO:0070561,GO:0009755,biological_process
phosphosulfolactate synthase activity,carbon-sulfur lyase activity,plasmid partitioning,5,2,0.0,GO:0043817,GO:0016846,molecular_function
cell-cell self recognition,cell-cell recognition,neutral amino acid transport,5,2,3.71e-05,GO:0097656,GO:0009988,biological_process
flavonoid catabolic process,flavonoid metabolic process,cis-trans isomerase activity,5,2,1.05e-07,GO:0046275,GO:0009812,biological_process
interferon-omega production,type I interferon production,neutral amino acid transport,5,2,5.25e-07,GO:0072653,GO:0032606,biological_process
response to forskolin,response to ketone,regulation of reproductive process,5,2,0.000107,GO:1904321,GO:1901654,biological_process
venom-mediated perturbation of nervous system process,venom-mediated perturbation of biological process,L-cystine transport,5,2,1.73e-06,GO:0140136,GO:0035738,biological_process
PDZ domain binding,protein domain specific binding,protein insertion into membrane,5,2,2.57e-08,GO:0030165,GO:0019904,molecular_function
ABC-type cysteine transporter activity,ATPase-coupled carboxylic acid transmembrane transporter activity,receptor ligand activity,5,2,1.59e-05,GO:0033230,GO:0033284,molecular_function
acetoin-ribose-5-phosphate transaldolase activity,transketolase or transaldolase activity,protein histidine kinase activity,5,2,1.58e-08,GO:0047156,GO:0016744,molecular_function
choriogonadotropin hormone receptor activity,protein-hormone receptor activity,meiotic chromosome segregation,5,2,0.0,GO:0035472,GO:0016500,molecular_function
ribonuclease III activity,double-stranded RNA-specific ribonuclease activity,monoatomic cation transmembrane transport,6,2,6.61e-08,GO:0004525,GO:0032296,molecular_function
secondary cell septum biogenesis,mitotic cytokinetic process,carbon-sulfur lyase activity,5,2,3.39e-05,GO:1990344,GO:1902410,biological_process
mitotic DNA replication initiation,mitotic cell cycle process,regulation of asymmetric cell division,5,2,2.95e-07,GO:1902975,GO:1903047,biological_process
phosphoglycerate kinase activity,"phosphotransferase activity, carboxyl group as acceptor","catalytic activity, acting on a glycoprotein",6,2,2.4e-08,GO:0004618,GO:0016774,molecular_function
trichome patterning,regionalization,smoothened signaling pathway,5,2,3.09e-08,GO:0048629,GO:0003002,biological_process
dopamine beta-monooxygenase activity,"oxidoreductase activity, acting on paired donors, with incorporation or reduction of molecular oxygen, reduced ascorbate as one donor, and incorporation of one atom of oxygen",antigen processing and presentation of endogenous peptide antigen,6,2,2.34e-06,GO:0004500,GO:0016715,molecular_function
dihydropterin deaminase activity,deaminase activity,negative regulation of biological process,6,2,0.0,GO:0004153,GO:0019239,molecular_function
astral microtubule anchoring at mitotic spindle pole body,microtubule anchoring at spindle pole body,response to oxygen-containing compound,5,2,1.35e-06,GO:1990734,GO:0034631,biological_process
protein serine kinase activity (using GTP as donor),protein kinase activity,asexual sporulation,5,2,3.39e-05,GO:0106264,GO:0004672,molecular_function
regulation of synaptic signaling by nitric oxide,regulation of cell communication,indole-containing compound metabolic process,5,2,2.4e-05,GO:0150045,GO:0010646,biological_process
(25S)-Delta(7)-dafachronate binding,steroid hormone binding,centromere clustering,5,2,0.0,GO:1902052,GO:1990239,molecular_function
respiratory tube development,tube development,fatty acid transmembrane transporter activity,5,2,6.46e-06,GO:0030323,GO:0035295,biological_process
methyl/ethyl malonyl-CoA decarboxylase activity,carboxy-lyase activity,establishment or maintenance of monopolar cell polarity,6,2,5.63e-07,GO:0004492,GO:0016831,molecular_function
cytoplasmic side of cis-Golgi cisternae membrane,cytoplasmic side of membrane,response to nitrogen compound,5,2,5.25e-07,GO:0160278,GO:0098562,cellular_component
D-glucose:sodium symporter activity,D-glucose transmembrane transporter activity,imaginal disc morphogenesis,6,2,0.0,GO:0005412,GO:0055056,molecular_function
regulation of neurotrophin production,regulation of multicellular organismal process,"phosphotransferase activity, carboxyl group as acceptor",5,2,2.4e-05,GO:0032899,GO:0051239,biological_process
uroporphyrinogen-III synthase activity,hydro-lyase activity,venom-mediated perturbation of biological process,6,2,0.0,GO:0004852,GO:0016836,molecular_function
mitochondrial pyruvate carrier complex,transmembrane transporter complex,response to molecule of bacterial origin,5,2,1.86e-06,GO:7770001,GO:1902495,cellular_component
"L-tryptophan 2,3-dioxygenase activity","oxidoreductase activity, acting on single donors with incorporation of molecular oxygen, incorporation of two atoms of oxygen",maintenance of left/right asymmetry,6,2,3.88e-07,GO:0004833,GO:0016702,molecular_function
T=16 icosahedral viral capsid,icosahedral viral capsid,regulation of asymmetric cell division,5,2,0.000117,GO:0039622,GO:0019030,cellular_component
cellular response to fluoxetine,response to fluoxetine,intracellular transport,5,2,7.76e-06,GO:0071411,GO:0014076,biological_process
tRNA-guanosine(34) queuine transglycosylase activity,"catalytic activity, acting on a tRNA",protein histidine kinase activity,6,2,5.96e-08,GO:0008479,GO:0140101,molecular_function
ganglioside GM1 transport to membrane,carboxylic acid transport,endoplasmic reticulum subcompartment,5,2,1.62e-08,GO:1905572,GO:0046942,biological_process
retinol metabolic process,olefinic compound metabolic process,mitotic cytokinetic process,5,2,2.95e-07,GO:0042572,GO:0120254,biological_process
laminin-523 trimer,laminin trimer,regeneration,5,2,9.14e-08,GO:1990340,GO:0043256,cellular_component
regulation of renal water transport,regulation of transport,cis-trans isomerase activity,5,2,2.4e-05,GO:2001151,GO:0051049,biological_process
epithelial cell morphogenesis involved in gastrulation,epithelial cell morphogenesis,catabolic process,6,2,1.15e-06,GO:0003381,GO:0003382,biological_process
beta-heterochromatin,pericentric heterochromatin,import into cell,6,2,7.55e-08,GO:0005722,GO:0005721,cellular_component
specification of metanephric nephron tubule identity,specification of nephron tubule identity,carboxy-lyase activity,5,2,5.62e-06,GO:0072293,GO:0072081,biological_process
S100A9 complex,transmembrane transporter complex,mitochondrial calcium ion transmembrane transport,5,2,0.0,GO:1990662,GO:1902495,cellular_component
response to haloperidol,response to alcohol,olefinic compound metabolic process,5,2,0.000107,GO:1905119,GO:0097305,biological_process
regulation of response to furfural,regulation of response to stimulus,carbohydrate kinase activity,5,2,2.4e-05,GO:1901442,GO:0048583,biological_process
root hair elongation,developmental growth involved in morphogenesis,larval behavior,5,2,2.57e-05,GO:0048767,GO:0060560,biological_process
HLH domain binding,protein domain specific binding,response to nitrogen compound,5,2,3.72e-08,GO:0043398,GO:0019904,molecular_function
response to vitamin B6,response to vitamin,regionalization,5,2,0.000107,GO:0034516,GO:0033273,biological_process
"caste determination, influence by environmental factors","polyphenic determination, influence by environmental factors",positive regulation of biological process,5,2,3.98e-06,GO:0048650,GO:0048651,biological_process
macrophage activation,myeloid leukocyte activation,phosphoric diester hydrolase activity,5,2,2.75e-07,GO:0042116,GO:0002274,biological_process
arginine:ornithine antiporter activity,carboxylic acid transmembrane transporter activity,ADP-D-ribose binding,5,2,0.0,GO:0043858,GO:0046943,molecular_function
U2-type catalytic step 1 spliceosome,U2-type spliceosomal complex,"oxidoreductase activity, acting on single donors with incorporation of molecular oxygen, incorporation of two atoms of oxygen",5,2,2.16e-06,GO:0071006,GO:0005684,cellular_component
glucuronate isomerase activity,"intramolecular oxidoreductase activity, interconverting aldoses and ketoses",pericentric heterochromatin,6,2,0.0,GO:0008880,GO:0016861,molecular_function
6-acetylglucose deacetylase activity,deacetylase activity,"catalytic activity, acting on a tRNA",5,2,0.0,GO:0047593,GO:0019213,molecular_function
lumenal side of transport vesicle membrane,lumenal side of membrane,transmembrane transporter complex,5,2,1.48e-08,GO:0098538,GO:0098576,cellular_component
trichoblast maturation,cell maturation,I-kappaB/NF-kappaB complex,5,2,0.0,GO:0048764,GO:0048469,biological_process
netrin receptor activity involved in chemorepulsion,netrin receptor activity,"polyphenic determination, influence by environmental factors",6,2,3.16e-08,GO:0005043,GO:0005042,molecular_function
neurotransmitter uptake,import into cell,enzyme activator activity,6,2,6.76e-07,GO:0001504,GO:0098657,biological_process
bounding membrane of organelle,organelle membrane,protein-membrane adaptor activity,5,2,5.37e-07,GO:0098588,GO:0031090,cellular_component
L-cystine transmembrane transport from lysosomal lumen to cytosol,L-cystine transport,icosahedral viral capsid,5,2,6.6e-08,GO:1904919,GO:0015811,biological_process
nucleocytoplasmic transport,nuclear transport,regulation of multicellular organismal process,6,2,1.41e-08,GO:0006913,GO:0051169,biological_process
cytokine activity,receptor ligand activity,hormone-mediated signaling pathway,6,2,4.68e-07,GO:0005125,GO:0048018,molecular_function
response to 4'-epidoxorubicin,response to glycoside,protein domain specific binding,5,2,0.000107,GO:1902522,GO:1903416,biological_process
larval foraging behavior,larval behavior,catabolic process,5,2,8.13e-07,GO:0035177,GO:0030537,biological_process
autophagosome-membrane adaptor activity,protein-membrane adaptor activity,glycocalyx,5,2,1.15e-08,GO:0160183,GO:0043495,molecular_function
lysine decarboxylase activity,carboxy-lyase activity,developmental growth involved in morphogenesis,6,2,5.01e-07,GO:0008923,GO:0016831,molecular_function
phospholipid homeostasis,lipid homeostasis,cytoplasmic side of membrane,5,2,1.55e-07,GO:0055091,GO:0055088,biological_process
D-xylulokinase activity,carbohydrate kinase activity,nuclear transport,6,2,0.0,GO:0004856,GO:0019200,molecular_function
indole-containing compound catabolic process,catabolic process,ATPase-coupled carboxylic acid transmembrane transporter activity,5,2,1.94e-07,GO:0042436,GO:0009056,biological_process
regulation of sclerotome development,regulation of developmental process,nucleotidyltransferase activity,5,2,2.4e-05,GO:0061190,GO:0050793,biological_process
phenylpropanoid catabolic process,phenylpropanoid metabolic process,tube development,5,2,1.35e-08,GO:0046271,GO:0009698,biological_process
ICAM-3 receptor activity,transmembrane signaling receptor activity,phosphatase complex,5,2,8.51e-08,GO:0030369,GO:0004888,molecular_function
cell elongation involved in imaginal disc-derived wing morphogenesis,unidimensional cell growth,smoothened signaling pathway,5,2,7.41e-05,GO:0090254,GO:0009826,biological_process
regulation of ascospore-type prospore membrane formation,regulation of reproductive process,response to oxygen-containing compound,5,2,2.4e-05,GO:1903023,GO:2000241,biological_process
furylfuramide isomerase activity,cis-trans isomerase activity,glycocalyx,5,2,0.0,GO:0047907,GO:0016859,molecular_function
neoxanthin biosynthetic process,xanthophyll biosynthetic process,cytoplasmic side of membrane,5,2,0.0,GO:1901833,GO:0016123,biological_process
RNA polymerase II transcription regulatory region sequence-specific DNA binding,transcription cis-regulatory region binding,regulation of circadian rhythm,6,2,4.79e-06,GO:0000977,GO:0000976,molecular_function
positive regulation of transformation of host cell by virus,positive regulation of biological process,opsonin receptor activity,5,2,9.77e-05,GO:1904189,GO:0048518,biological_process
2-hydroxypyridine 5-monooxygenase activity,monooxygenase activity,carbon-sulfur lyase activity,5,2,0.0,GO:0047546,GO:0004497,molecular_function
signal complex assembly,regulation of signal transduction,phosphoric diester hydrolase activity,6,2,4.17e-05,GO:0007172,GO:0009966,biological_process
propionate kinase activity,kinase activity,histone modifying activity,6,2,1.41e-07,GO:0008980,GO:0016301,molecular_function
P-type divalent copper transporter activity,P-type ion transporter activity,regulation of circadian rhythm,5,2,7.82e-05,GO:0043682,GO:0015662,molecular_function
protein histidine pros-kinase activity,protein histidine kinase activity,establishment or maintenance of monopolar cell polarity,6,2,3.39e-05,GO:0008256,GO:0004673,molecular_function
periodic partitioning by pair rule gene,anterior/posterior pattern specification,establishment of meiotic spindle localization,6,2,4.27e-06,GO:0007366,GO:0009952,biological_process
acid phosphatase complex,phosphatase complex,monooxygenase activity,5,2,2.82e-05,GO:1904097,GO:1903293,cellular_component
eosinophil differentiation,granulocyte differentiation,regulation of appetite,5,2,5.62e-08,GO:0030222,GO:0030851,biological_process
sorocarp spore cell differentiation,cell differentiation,cortical cytoskeleton organization,5,2,0.0,GO:0044671,GO:0030154,biological_process
positive regulation of translational fidelity,positive regulation of translation,response to molecule of bacterial origin,5,2,9.77e-05,GO:0045903,GO:0045727,biological_process
embryonic heart tube development,tube development,mitotic cell cycle process,5,2,1.7e-06,GO:0035050,GO:0035295,biological_process
granulocyte colony-stimulating factor binding,cytokine binding,transcription cis-regulatory region binding,5,2,6.92e-08,GO:0051916,GO:0019955,molecular_function
neutral amino acid transmembrane export from vacuole,neutral amino acid transport,"polyphenic determination, influence by environmental factors",5,2,1.74e-05,GO:0034489,GO:0015804,biological_process
response to estrogen,response to hormone,phosphatase complex,5,2,0.000107,GO:0043627,GO:0009725,biological_process
T=9 icosahedral viral capsid,icosahedral viral capsid,instar larval or pupal development,5,2,0.000131,GO:0160168,GO:0019030,cellular_component
presynaptic endocytosis,endocytosis,mitotic cytokinetic process,5,2,1.41e-07,GO:0140238,GO:0006897,biological_process
histone deacetylase binding,enzyme binding,fatty acid transmembrane transporter activity,5,2,5.13e-07,GO:0042826,GO:0019899,molecular_function
aminopeptidase activity,exopeptidase activity,plasmid partitioning,6,2,3.72e-08,GO:0004177,GO:0008238,molecular_function
fatty acid metabolic process,lipid metabolic process,kinase activity,6,2,6.31e-06,GO:0006631,GO:0006629,biological_process
meiotic sister chromatid segregation,meiotic chromosome segregation,specification of nephron tubule identity,5,2,1.26e-07,GO:0045144,GO:0045132,biological_process
NAD+ poly-ADP-ribosyltransferase activity,pentosyltransferase activity,growth factor receptor binding,6,2,8.13e-07,GO:0003950,GO:0016763,molecular_function
C-8 sterol isomerase activity,"intramolecular oxidoreductase activity, transposing C=C bonds",anion binding,6,2,0.000125,GO:0000247,GO:0016863,molecular_function
establishment of meiotic spindle orientation,establishment of meiotic spindle localization,nuclear transport,5,2,2.63e-05,GO:0051296,GO:0051295,biological_process
glucose-1-phosphate thymidylyltransferase activity,nucleotidyltransferase activity,D-glucose transmembrane transporter activity,6,2,1.79e-06,GO:0008879,GO:0016779,molecular_function
RNA stabilization,regulation of RNA stability,positive regulation of biological process,5,2,4.79e-06,GO:0043489,GO:0043487,biological_process
positive regulation of border follicle cell delamination,positive regulation of biological process,import across plasma membrane,5,2,9.77e-05,GO:0030711,GO:0048518,biological_process
L-tyrosine transmembrane import into vacuole,amino acid transmembrane import into vacuole,mitotic cytokinetic process,5,2,7.21e-07,GO:0090514,GO:0032975,biological_process
response to bisphenol A,response to oxygen-containing compound,I-kappaB/NF-kappaB complex,5,2,0.000107,GO:1903925,GO:1901700,biological_process
regulation of spore-bearing organ development,regulation of reproductive process,negative regulation of biological process,5,2,2.4e-05,GO:0075260,GO:2000241,biological_process
regulation of male germ-line stem cell asymmetric division,regulation of asymmetric cell division,exopeptidase activity,5,2,2.4e-05,GO:1904838,GO:0009786,biological_process
peptide amidation,peptide modification,male meiotic nuclear division,6,2,2e-06,GO:0001519,GO:0031179,biological_process
sensory organ boundary specification,formation of animal organ boundary,P-type ion transporter activity,6,2,4.79e-06,GO:0008052,GO:0010160,biological_process
oncostatin-M receptor binding,cytokine receptor binding,myeloid leukocyte activation,6,2,0.0,GO:0005147,GO:0005126,molecular_function
ventricular zone neuroblast division,forebrain ventricular zone progenitor cell division,regulation of multicellular organismal process,5,2,8.51e-07,GO:0021847,GO:0021869,biological_process
regulation of fear response,regulation of multicellular organismal process,response to vitamin,5,2,2.4e-05,GO:1903365,GO:0051239,biological_process
smoothened signaling pathway involved in regulation of secondary heart field cardioblast proliferation,smoothened signaling pathway,lipid metabolic process,6,2,2.09e-08,GO:0003271,GO:0007224,biological_process
establishment of monopolar cell polarity,establishment or maintenance of monopolar cell polarity,receptor ligand activity,5,2,2.63e-05,GO:0061162,GO:0061339,biological_process
meiotic centromere clustering,centromere clustering,cytokine receptor binding,5,2,1.26e-07,GO:1990571,GO:0098653,biological_process
cellular response to Aroclor 1254,cellular response to chemical stimulus,lipid homeostasis,5,2,7.76e-06,GO:1904011,GO:0070887,biological_process
putamen development,neural nucleus development,icosahedral viral capsid,5,2,5.13e-08,GO:0021758,GO:0048857,biological_process
cellular response to boron-containing substance levels,cellular response to nutrient levels,regulation of developmental process,5,2,7.76e-06,GO:0080029,GO:0031669,biological_process
acetate kinase activity,"phosphotransferase activity, carboxyl group as acceptor",tube development,6,2,1.41e-06,GO:0008776,GO:0016774,molecular_function
2-amino-4-hydroxy-6-hydroxymethyldihydropteridine diphosphokinase activity,diphosphotransferase activity,establishment or maintenance of monopolar cell polarity,6,2,0.0,GO:0003848,GO:0016778,molecular_function
platelet-derived growth factor binding,growth factor binding,fatty acid transmembrane transporter activity,5,2,7.63e-07,GO:0048407,GO:0019838,molecular_function
regulation of cell differentiation involved in embryonic placenta development,regulation of reproductive process,"acyltransferase activity, transferring groups other than amino-acyl groups",5,2,2.4e-05,GO:0060800,GO:2000241,biological_process
amphid sensory organ development,sensory organ development,growth factor binding,6,2,0.0,GO:0003386,GO:0007423,biological_process
lung induction,regulation of embryonic development,regulation of appetite,5,2,1.26e-05,GO:0060492,GO:0045995,biological_process
elongation of arista core,developmental growth involved in morphogenesis,cis-trans isomerase activity,5,2,4.37e-07,GO:0035015,GO:0060560,biological_process
regulation of circadian sleep/wake cycle,regulation of circadian rhythm,regulation of reproductive process,5,2,2.4e-05,GO:0042749,GO:0042752,biological_process
male meiosis I,male meiotic nuclear division,intramolecular phosphotransferase activity,6,2,7.76e-05,GO:0007141,GO:0007140,biological_process
phosphatidylcholine-sterol O-acyltransferase activator activity,enzyme activator activity,regulation of cell communication,5,2,3.74e-08,GO:0060228,GO:0008047,molecular_function
response to dinitrophenol,response to nitrogen compound,fatty acid transmembrane transporter activity,5,2,0.000107,GO:1904641,GO:1901698,biological_process
"alpha-1,6-mannosylglycoprotein 6-beta-N-acetylglucosaminyltransferase activity","catalytic activity, acting on a glycoprotein","phosphotransferase activity, carboxyl group as acceptor",5,2,0.0,GO:0030144,GO:0140103,molecular_function
regulation of multicellular organism growth,regulation of multicellular organismal process,response to oxygen-containing compound,5,2,2.4e-05,GO:0040014,GO:0051239,biological_process
cortical actin cytoskeleton organization,cortical cytoskeleton organization,cortical actin cytoskeleton organization,5,2,1.15e-06,GO:0030866,GO:0030865,biological_process
positive regulation of appetite,regulation of appetite,larval behavior,5,2,9.77e-05,GO:0032100,GO:0032098,biological_process
chemokine (C-C motif) ligand 22 production,chemokine production,male meiotic nuclear division,5,2,1.2e-07,GO:0071924,GO:0032602,biological_process
antigen processing and presentation of endogenous peptide antigen via MHC class Ib,antigen processing and presentation of endogenous peptide antigen,imaginal disc morphogenesis,6,2,1.62e-06,GO:0002476,GO:0002483,biological_process
intracellular lipid transport,intracellular transport,sensory organ development,5,2,1.05e-06,GO:0032365,GO:0046907,biological_process
protein insertion into mitochondrial membrane,protein insertion into membrane,growth factor binding,5,2,3.39e-05,GO:0051204,GO:0051205,biological_process
response to catecholamine,response to oxygen-containing compound,cytokine binding,5,2,0.000107,GO:0071869,GO:1901700,biological_process
muscle cell fate commitment,cell fate commitment,organelle membrane,5,2,2.75e-05,GO:0042693,GO:0045165,biological_process
asexual sporulation resulting in formation of a cellular spore,asexual sporulation,transmembrane signaling receptor activity,5,2,8.13e-07,GO:0043936,GO:0030436,biological_process
2-micrometer plasmid partitioning,plasmid partitioning,regulation of response to nutrient levels,5,2,2.09e-07,GO:0030543,GO:0030541,biological_process
"anterior/posterior pattern specification, imaginal disc",imaginal disc pattern formation,instar larval or pupal development,6,2,1.47e-06,GO:0007448,GO:0007447,biological_process
alphav-beta1 integrin-osteopontin complex,plasma membrane protein complex,pericentric heterochromatin,5,2,0.0,GO:0070030,GO:0098797,cellular_component
cardiac endothelial cell differentiation,cardiocyte differentiation,positive regulation of biological process,6,2,6.92e-06,GO:0003348,GO:0035051,biological_process
inorganic ion import across plasma membrane,import across plasma membrane,centrosome localization,5,2,1.7e-06,GO:0099587,GO:0098739,biological_process
eosinophil fate commitment,cell fate commitment,"phosphotransferase activity, carboxyl group as acceptor",5,2,5.62e-08,GO:0035854,GO:0045165,biological_process
type III polyketide synthase complex,polyketide synthase complex,response to fluoxetine,5,2,0.000186,GO:0034083,GO:0034081,cellular_component
monoatomic anion transmembrane transport,monoatomic ion transmembrane transport,steroid hormone biosynthetic process,5,2,1.02e-08,GO:0098656,GO:0034220,biological_process
"3,4-dihydroxyphthalate decarboxylase activity",carboxy-lyase activity,glial cell fate specification,6,3,0.0,GO:0047556,GO:0016831,molecular_function
negative regulation of juvenile hormone secretion,negative regulation of lipid transport,regulation of cell differentiation,6,3,6.17e-05,GO:0045972,GO:0032369,biological_process
neuronal stem cell division,somatic stem cell division,toluene-containing compound catabolic process,6,3,1.32e-06,GO:0036445,GO:0048103,biological_process
3-hydroxyindolin-2-one monooxygenase activity,"oxidoreductase activity, acting on paired donors, with incorporation or reduction of molecular oxygen, reduced flavin or flavoprotein as one donor, and incorporation of one atom of oxygen",aldonic acid catabolic process,6,3,0.0,GO:0036192,GO:0016712,molecular_function
positive regulation of epithelial cell migration,regulation of epithelial cell migration,carboxylic ester hydrolase activity,6,3,9.77e-05,GO:0010634,GO:0010632,biological_process
nucleobase-containing small molecule biosynthetic process,small molecule biosynthetic process,deaminase activity,6,3,0.0,GO:0034404,GO:0044283,biological_process
retinyl-palmitate esterase activity,carboxylic ester hydrolase activity,sulfotransferase activity,6,3,2.18e-08,GO:0050253,GO:0052689,molecular_function
nucleoside triphosphate adenylate kinase activity,"phosphotransferase activity, phosphate group as acceptor",regulation of appressorium formation,6,3,1.74e-07,GO:0046899,GO:0016776,molecular_function
anammoxosome,intracellular membrane-bounded organelle,cellular response to oxygen-containing compound,6,3,0.0,GO:0044222,GO:0043231,cellular_component
nuclear body,intracellular membraneless organelle,"carbon-oxygen lyase activity, acting on phosphates",6,3,5.37e-05,GO:0016604,GO:0043232,cellular_component
cell-cell contact zone,cell-cell junction,glial cell fate commitment,6,3,3.71e-05,GO:0044291,GO:0005911,cellular_component
5-alpha-hydroxysteroid dehydratase activity,hydro-lyase activity,negative regulation of cell cycle,6,3,2.88e-08,GO:0047587,GO:0016836,molecular_function
biphenyl catabolic process,biphenyl metabolic process,regulation of lipid storage,6,3,4.17e-08,GO:0070980,GO:0018879,biological_process
sepiapterin deaminase activity,"hydrolase activity, acting on carbon-nitrogen (but not peptide) bonds, in cyclic amidines",somatic stem cell division,6,3,0.0,GO:0050279,GO:0016814,molecular_function
potassium ion transmembrane transport,monoatomic cation transmembrane transport,neurotransmitter secretion,6,3,3.8e-06,GO:0071805,GO:0098655,biological_process
cholate 12-alpha dehydrogenase (NADP+) activity,"steroid dehydrogenase activity, acting on the CH-OH group of donors, NAD or NADP as acceptor","oxidoreductase activity, acting on single donors with incorporation of molecular oxygen, incorporation of one atom of oxygen (internal monooxygenases or internal mixed function oxidases)",6,3,0.0,GO:0047013,GO:0033764,molecular_function
negative regulation of lipid storage,regulation of lipid storage,branched-chain amino acid transmembrane transporter activity,6,3,6.17e-05,GO:0010888,GO:0010883,biological_process
protein-N(PI)-phosphohistidine-trehalose phosphotransferase system transporter activity,trehalose transmembrane transporter activity,positive regulation of post-embryonic development,6,3,0.0,GO:0022879,GO:0015574,molecular_function
negative regulation of monoatomic ion transport,negative regulation of transport,symbiont-mediated perturbation of host cellular process,6,3,6.17e-05,GO:0043271,GO:0051051,biological_process
N-acetylgalactosamine kinase activity,"phosphotransferase activity, alcohol group as acceptor",positive regulation of multicellular organismal process,6,3,0.0,GO:0033858,GO:0016773,molecular_function
lysosomal membrane organization,membrane organization,kinase activity,6,3,1.91e-07,GO:0097212,GO:0061024,biological_process
"aerobic respiration, using arsenite as electron donor",aerobic respiration,regulation of cytokine production,6,3,1.55e-06,GO:0043554,GO:0009060,biological_process
L-isoleucine transmembrane transporter activity,branched-chain amino acid transmembrane transporter activity,glyceraldehyde-3-phosphate metabolic process,6,3,8.51e-08,GO:0015188,GO:0015658,molecular_function
oligodendrocyte cell fate specification,glial cell fate specification,cell-cell junction,6,3,3.31e-08,GO:0021778,GO:0021780,biological_process
amino acid neurotransmitter reuptake,amino acid transport,mesenchymal-epithelial cell signaling,6,3,5.25e-06,GO:0051933,GO:0006865,biological_process
3-aminobutyryl-CoA ammonia-lyase activity,ammonia-lyase activity,cranial nerve development,6,3,0.0,GO:0047459,GO:0016841,molecular_function
chalcone catabolic process,ketone catabolic process,cell-cell junction,6,3,1.95e-08,GO:0046280,GO:0042182,biological_process
symbiont-mediated perturbation of host programmed cell death,symbiont-mediated perturbation of host cellular process,D-glucose transmembrane transporter activity,6,3,1.16e-07,GO:0052040,GO:0044068,biological_process
protocadherin-alpha-v4-protocadherin-gamma-a3 complex,protocadherin-alpha-protocadherin-gamma complex,ammonia-lyase activity,6,3,0.0,GO:0071185,GO:0071183,cellular_component
protein-N(PI)-phosphohistidine-N-acetylgalactosamine phosphotransferase system transporter activity,D-glucose transmembrane transporter activity,host-mediated perturbation of viral process,6,3,0.0,GO:0022881,GO:0055056,molecular_function
positive regulation of hair follicle maturation,regulation of hair follicle maturation,carboxylic ester hydrolase activity,6,3,9.77e-05,GO:0048818,GO:0048819,biological_process
regulation of timing of plant organ formation,"regulation of development, heterochronic",negative regulation of transport,6,3,2.4e-05,GO:0090709,GO:0040034,biological_process
"syn-pimara-7,15-diene synthase activity","carbon-oxygen lyase activity, acting on phosphates",membrane organization,6,3,0.0,GO:0034279,GO:0016838,molecular_function
xanthine transmembrane transporter activity,purine nucleobase transmembrane transporter activity,cellular response to nitrogen compound,6,3,6.03e-08,GO:0042907,GO:0005345,molecular_function
aromatic amino acid:proton symporter activity,solute:proton symporter activity,secondary metabolite biosynthetic process,6,3,2.09e-06,GO:0015494,GO:0015295,molecular_function
squalene synthase [NAD(P)H] activity,prenyltransferase activity,protein transport,6,3,7.59e-08,GO:0051996,GO:0004659,molecular_function
succinate-CoA ligase complex (ADP-forming),succinate-CoA ligase complex,"phosphotransferase activity, alcohol group as acceptor",6,3,1.45e-07,GO:0009361,GO:0042709,cellular_component
cellular response to vitamin,cellular response to nutrient,"oxidoreductase activity, acting on the CH-OH group of donors, NAD or NADP as acceptor",6,3,7.76e-06,GO:0071295,GO:0031670,biological_process
vitamin A transport,vitamin transport,methylglyoxal metabolic process,6,3,1.02e-05,GO:0071938,GO:0051180,biological_process
U11/U12 snRNP,spliceosomal snRNP complex,fatty acyl-CoA hydrolase activity,6,3,4.97e-08,GO:0034693,GO:0097525,cellular_component
erythritol kinase activity,kinase activity,response to mineralocorticoid,6,3,6.92e-08,GO:0047878,GO:0016301,molecular_function
"germline cell cycle switching, mitotic to meiotic cell cycle","cell cycle switching, mitotic to meiotic cell cycle",cell fate specification involved in pattern specification,6,3,1.48e-07,GO:0051729,GO:0051728,biological_process
monodehydroascorbate reductase (NADH) activity,"oxidoreductase activity, acting on NAD(P)H, quinone or similar compound as acceptor",aldonic acid catabolic process,6,3,0.0,GO:0016656,GO:0016655,molecular_function
histone H3K9 methyltransferase activity,histone H3 methyltransferase activity,phenylpropanoid catabolic process,6,3,5.13e-07,GO:0046974,GO:0140938,molecular_function
cinnamic acid catabolic process,phenylpropanoid catabolic process,deaminase activity,6,3,3.8e-08,GO:0046281,GO:0046271,biological_process
nuclear migration along microtubule,organelle transport along microtubule,pre-mRNA binding,6,3,5.37e-05,GO:0030473,GO:0072384,biological_process
positive regulation of bone resorption,positive regulation of multicellular organismal process,cellular response to oxygen-containing compound,6,3,9.77e-05,GO:0045780,GO:0051240,biological_process
dehydroascorbic acid transport,organic anion transport,RNA processing,6,3,0.0,GO:0070837,GO:0015711,biological_process
L-idonate catabolic process,aldonic acid catabolic process,cytokine-mediated signaling pathway,6,3,0.0,GO:0046183,GO:0046176,biological_process
4-(cytidine 5'-diphospho)-2-C-methyl-D-erythritol kinase activity,kinase activity,glial cell fate commitment,6,3,3.39e-08,GO:0050515,GO:0016301,molecular_function
viral procapsid maturation,cellular component assembly,sensory organ morphogenesis,6,3,1.2e-05,GO:0046797,GO:0022607,biological_process
trimethylamine-oxide aldolase activity,aldehyde-lyase activity,isoquinoline alkaloid metabolic process,6,3,3.86e-08,GO:0050352,GO:0016832,molecular_function
positive regulation of keratinocyte differentiation,positive regulation of multicellular organismal process,cellular response to metal ion,6,3,9.77e-05,GO:0045618,GO:0051240,biological_process
negative regulation of appressorium formation,regulation of appressorium formation,protein transport,6,3,6.17e-05,GO:0075019,GO:0075017,biological_process
U4 snRNA binding,snRNA binding,hydro-lyase activity,6,3,1.15e-07,GO:0030621,GO:0017069,molecular_function
regulation of type III interferon production,regulation of cytokine production,"phosphotransferase activity, alcohol group as acceptor",6,3,2.4e-05,GO:0034344,GO:0001817,biological_process
detection of temperature stimulus involved in thermoception,detection of temperature stimulus involved in sensory perception,maintenance of synapse structure,6,3,1.15e-05,GO:0050960,GO:0050961,biological_process
"positive regulation of short-day photoperiodism, flowering",positive regulation of post-embryonic development,mesonephric tubule development,6,3,9.77e-05,GO:0048576,GO:0048582,biological_process
isocitrate-homoisocitrate dehydrogenase activity,"oxidoreductase activity, acting on the CH-OH group of donors, NAD or NADP as acceptor",hydro-lyase activity,6,3,0.0,GO:0033708,GO:0016616,molecular_function
regulation of neural crest formation,regulation of epithelial to mesenchymal transition,positive regulation of multicellular organismal process,6,3,2.4e-05,GO:0090299,GO:0010717,biological_process
positive regulation of chitin-based cuticle tanning,regulation of chitin-based cuticle tanning,cardiac cell fate commitment,6,3,9.77e-05,GO:0045801,GO:0007564,biological_process
(-)-endo-fenchol synthase activity,"carbon-oxygen lyase activity, acting on phosphates",axon development,6,3,0.0,GO:0050437,GO:0016838,molecular_function
protein phosphatase activator activity,phosphatase activator activity,neurotransmitter secretion,6,3,3.39e-05,GO:0072542,GO:0019211,molecular_function
Entner-Doudoroff pathway through 6-phosphogluconate,glyceraldehyde-3-phosphate metabolic process,regulation of cell differentiation,6,3,0.0,GO:0009255,GO:0019682,biological_process
negative regulation of vasoconstriction,negative regulation of multicellular organismal process,regulation of epithelial cell migration,6,3,6.17e-05,GO:0045906,GO:0051241,biological_process
protein import into peroxisome membrane,peroxisomal membrane transport,"oxidoreductase activity, acting on the CH-CH group of donors, iron-sulfur protein as acceptor",6,3,3.39e-05,GO:0045046,GO:0015919,biological_process
oxidative RNA demethylation,oxidative demethylation,spliceosomal snRNP complex,6,3,1.17e-06,GO:0035513,GO:0070989,biological_process
methylglyoxal catabolic process,methylglyoxal metabolic process,axon development,6,3,1.86e-08,GO:0051596,GO:0009438,biological_process
pre-mRNA intronic binding,pre-mRNA binding,intracellular membrane-bounded organelle,6,3,1.56e-06,GO:0097157,GO:0036002,molecular_function
photoreceptor cell fate commitment,neuron fate commitment,regulation of response to biotic stimulus,6,3,1.58e-07,GO:0046552,GO:0048663,biological_process
cardiac neuron development,cardiac cell development,organelle transport along microtubule,6,3,6.92e-06,GO:0060959,GO:0055006,biological_process
pectin acetylesterase activity,carboxylic ester hydrolase activity,mesenchymal-epithelial cell signaling,6,3,2.63e-07,GO:0052793,GO:0052689,molecular_function
long-chain fatty acyl-CoA hydrolase activity,fatty acyl-CoA hydrolase activity,protocadherin-alpha-protocadherin-gamma complex,6,3,4.18e-05,GO:0052816,GO:0047617,molecular_function
cellular response to nitrogen dioxide,cellular response to oxygen-containing compound,"phosphotransferase activity, alcohol group as acceptor",6,3,7.76e-06,GO:0035714,GO:1901701,biological_process
dihydromonapterin reductase activity,"oxidoreductase activity, acting on the CH-NH group of donors, NAD or NADP as acceptor",cardiac cell fate commitment,6,3,0.0,GO:0071172,GO:0016646,molecular_function
cell chemotaxis involved in Malpighian tubule morphogenesis,cell rearrangement involved in Malpighian tubule morphogenesis,"phosphotransferase activity, alcohol group as acceptor",6,3,7.41e-05,GO:0061352,GO:0061334,biological_process
zeatin biosynthetic process,cytokinin biosynthetic process,cytokine-mediated signaling pathway,6,3,0.0,GO:0033398,GO:0009691,biological_process
methyl fluoride metabolic process,organofluorine metabolic process,ketone catabolic process,6,3,1.66e-06,GO:0018929,GO:0090346,biological_process
host-mediated activation of viral process,host-mediated perturbation of viral process,"regulation of development, heterochronic",6,3,3.07e-06,GO:0044794,GO:0044788,biological_process
cellular response to proline,response to proline,small molecule biosynthetic process,6,3,7.76e-06,GO:0071235,GO:0010238,biological_process
dihydrosanguinarine 10-monooxygenase activity,"oxidoreductase activity, acting on paired donors, with incorporation or reduction of molecular oxygen, NAD(P)H as one donor, and incorporation of one atom of oxygen",neurotransmitter secretion,6,3,0.0,GO:0047088,GO:0016709,molecular_function
"aerobic respiration, using sulfur or sulfate as electron donor",energy derivation by oxidation of reduced inorganic compounds,negative regulation of multicellular organismal process,6,3,1.55e-06,GO:0019414,GO:0015975,biological_process
negative regulation of vulval development,regulation of vulval development,negative regulation of cell cycle process,6,3,6.17e-05,GO:0040027,GO:0040028,biological_process
cresol catabolic process,toluene-containing compound catabolic process,positive regulation of response to external stimulus,6,3,3.02e-08,GO:0046199,GO:0072491,biological_process
cellular response to L-canavanine,cellular response to oxygen-containing compound,mitotic cytokinetic process,6,3,7.76e-06,GO:0036280,GO:1901701,biological_process
"2-hydroxyhexa-2,4-dienoate hydratase activity",hydro-lyase activity,regulation of cell cycle process,6,3,0.0,GO:0034856,GO:0016836,molecular_function
alkylated DNA binding,damaged DNA binding,response to light stimulus,6,3,4.79e-08,GO:0032131,GO:0003684,molecular_function
positive regulation of cell communication,positive regulation of cellular process,regulation of epithelial to mesenchymal transition,6,3,9.77e-05,GO:0010647,GO:0048522,biological_process
threonine efflux transmembrane transporter activity,L-amino acid efflux transmembrane transporter activity,regulation of respiratory gaseous exchange,6,3,1.86e-07,GO:0015565,GO:0034639,molecular_function
serotonin catabolic process,indole-containing compound catabolic process,organic cation transport,6,3,1.82e-06,GO:0042429,GO:0042436,biological_process
endocardial cushion cell development,cardiac cell development,somatic stem cell division,6,3,2.34e-08,GO:0061444,GO:0055006,biological_process
amino acid:potassium symporter activity,potassium ion transmembrane transporter activity,"carbon-oxygen lyase activity, acting on phosphates",6,3,5.25e-06,GO:0017032,GO:0015079,molecular_function
regulation of peptide hormone processing,regulation of hormone metabolic process,"oxidoreductase activity, acting on paired donors, with incorporation or reduction of molecular oxygen, NAD(P)H as one donor, and incorporation of one atom of oxygen",6,3,2.4e-05,GO:0060568,GO:0032350,biological_process
N-acetylgalactosamine 4-sulfate 6-O-sulfotransferase activity,sulfotransferase activity,"hydrolase activity, acting on carbon-nitrogen (but not peptide) bonds, in cyclic amidines",6,3,0.0,GO:0050659,GO:0008146,molecular_function
5'-methylthioadenosine deaminase activity,"hydrolase activity, acting on carbon-nitrogen (but not peptide) bonds, in cyclic amidines",symbiont-mediated perturbation of host cellular process,6,3,0.0,GO:0090614,GO:0016814,molecular_function
box H/ACA snoRNA binding,snoRNA binding,response to light stimulus,6,3,0.00011,GO:0034513,GO:0030515,molecular_function
maintenance of presynaptic active zone structure,maintenance of synapse structure,branched-chain amino acid transmembrane transporter activity,6,3,3.55e-05,GO:0048790,GO:0099558,biological_process
"sulfide oxidation, using sulfur dioxygenase",sulfide oxidation,purine nucleobase transmembrane transporter activity,6,3,8.32e-07,GO:0070223,GO:0019418,biological_process
sedoheptulokinase activity,"phosphotransferase activity, alcohol group as acceptor",somatic stem cell division,6,3,0.0,GO:0050277,GO:0016773,molecular_function
phosphagen catabolic process,organophosphate catabolic process,"oxidoreductase activity, acting on the CH-CH group of donors, iron-sulfur protein as acceptor",6,3,0.0,GO:0042397,GO:0046434,biological_process
telomere assembly,cellular component assembly,pigment biosynthetic process,6,3,2.4e-07,GO:0032202,GO:0022607,biological_process
response to light intensity,response to light stimulus,negative regulation of transport,6,3,0.000107,GO:0009642,GO:0009416,biological_process
hypoglossal nerve development,cranial nerve development,positive regulation of response to external stimulus,6,3,3.55e-08,GO:0021566,GO:0021545,biological_process
response to corticosterone,response to mineralocorticoid,D-glucose transmembrane transporter activity,6,3,0.000107,GO:0051412,GO:0051385,biological_process
tetrahydrofolate interconversion,tetrahydrofolate metabolic process,nucleotide transport,6,3,1.55e-08,GO:0035999,GO:0046653,biological_process
Oplophorus-luciferin 2-monooxygenase activity,luciferin monooxygenase activity,intracellular membraneless organelle,6,3,0.0,GO:0033756,GO:0045289,molecular_function
cellular response to cadmium ion,cellular response to metal ion,carbohydrate derivative transport,6,3,7.76e-06,GO:0071276,GO:0071248,biological_process
cardiac glial cell fate commitment,glial cell fate commitment,regulation of lipid storage,6,3,6.92e-06,GO:0060953,GO:0021781,biological_process
canalicular bile acid transport,secretion,aldehyde-lyase activity,6,3,1.02e-08,GO:0015722,GO:0046903,biological_process
regulation of sporangium development,regulation of spore-bearing organ development,cyclase activator activity,6,3,2.4e-05,GO:0075310,GO:0075260,biological_process
thiamine-containing compound catabolic process,sulfur compound catabolic process,octopamine or tyramine signaling pathway,6,3,1.85e-07,GO:0042725,GO:0044273,biological_process
deoxynucleotide transport,nucleotide transport,ketone catabolic process,6,3,0.0,GO:0030302,GO:0006862,biological_process
positive regulation of mammary placode formation by mesenchymal-epithelial signaling,positive regulation of developmental process,chemokine-mediated signaling pathway,6,3,9.77e-05,GO:0060617,GO:0051094,biological_process
axon regeneration,axon development,regulation of cell differentiation,6,3,4.68e-07,GO:0031103,GO:0061564,biological_process
cardiac glial cell fate commitment,cardiac cell fate commitment,sulfur compound catabolic process,6,3,6.92e-06,GO:0060953,GO:0060911,biological_process
pyrrolysine biosynthetic process,proteinogenic amino acid biosynthetic process,phenol-containing compound catabolic process,6,3,0.0,GO:0071524,GO:0170038,biological_process
methyl jasmonate esterase activity,carboxylic ester hydrolase activity,small molecule biosynthetic process,6,3,1.66e-06,GO:0080032,GO:0052689,molecular_function
abscisic acid catabolic process,olefinic compound catabolic process,potassium ion transmembrane transporter activity,6,3,4.27e-08,GO:0046345,GO:0120256,biological_process
diphosphoinositol tetrakisphosphate kinase activity,"phosphotransferase activity, alcohol group as acceptor",pre-mRNA binding,6,3,0.0,GO:0052839,GO:0016773,molecular_function
interleukin-35-mediated signaling pathway,cytokine-mediated signaling pathway,carboxy-lyase activity,6,3,4.23e-07,GO:0070757,GO:0019221,biological_process
negative regulation of meiotic cell cycle,negative regulation of cell cycle,regulation of vulval development,6,3,6.17e-05,GO:0051447,GO:0045786,biological_process
T-helper 17 type immune response,adaptive immune response based on somatic recombination of immune receptors built from immunoglobulin superfamily domains,snoRNA binding,6,3,2.55e-06,GO:0072538,GO:0002460,biological_process
canonical Wnt signaling pathway,Wnt signaling pathway,fatty acyl-CoA hydrolase activity,6,3,2.09e-06,GO:0060070,GO:0016055,biological_process
regulation of interleukin-15 production,regulation of cytokine production,secondary metabolite biosynthetic process,6,3,2.4e-05,GO:0032658,GO:0001817,biological_process
cellular response to methionine,cellular response to nitrogen compound,secretion,6,3,7.76e-06,GO:0061431,GO:1901699,biological_process
regulation of cell development,regulation of cell differentiation,cell differentiation involved in kidney development,6,3,2.4e-05,GO:0060284,GO:0045595,biological_process
sno(s)RNA processing,RNA processing,small molecule biosynthetic process,6,3,2.9e-07,GO:0043144,GO:0006396,biological_process
eukaryotic elongation factor-2 kinase regulator activity,protein kinase regulator activity,positive regulation of developmental process,6,3,5.5e-07,GO:0042556,GO:0019887,molecular_function
regulation of respiratory system process,regulation of respiratory gaseous exchange,"acyltransferase activity, transferring groups other than amino-acyl groups",6,3,2.4e-05,GO:0044065,GO:0043576,biological_process
cellular response to vitamin B2,cellular response to nitrogen compound,cyclase activator activity,6,3,7.76e-06,GO:0071302,GO:1901699,biological_process
membrane addition at site of mitotic cytokinesis,mitotic cytokinetic process,branched-chain amino acid transmembrane transporter activity,6,3,6.61e-06,GO:0061796,GO:1902410,biological_process
orcinol catabolic process,phenol-containing compound catabolic process,"phosphotransferase activity, phosphate group as acceptor",6,3,0.0,GO:0042209,GO:0019336,biological_process
acetyl-CoA synthetase acetyltransferase activity,protein-lysine-acetyltransferase activity,sensory perception,6,3,3.78e-07,GO:0043894,GO:0061733,molecular_function
epi-cedrol synthase activity,"carbon-oxygen lyase activity, acting on phosphates",somatic stem cell division,6,3,0.0,GO:0052682,GO:0016838,molecular_function
benzoyl-CoA reductase activity,"oxidoreductase activity, acting on the CH-CH group of donors, iron-sulfur protein as acceptor","steroid dehydrogenase activity, acting on the CH-OH group of donors, NAD or NADP as acceptor",6,3,1.88e-07,GO:0018522,GO:0016636,molecular_function
negative regulation by host of viral glycoprotein metabolic process,negative regulation of viral process,small molecule biosynthetic process,6,3,6.17e-05,GO:0044871,GO:0048525,biological_process
regulation of meiotic nuclear division,regulation of cell cycle process,regulation of spore-bearing organ development,6,3,2.4e-05,GO:0040020,GO:0010564,biological_process
hydroxyneurosporene-O-methyltransferase activity,methyltransferase activity,neuron fate commitment,6,3,0.0,GO:0043803,GO:0008168,molecular_function
(R)-3-hydroxyacid-ester dehydrogenase activity,"oxidoreductase activity, acting on the CH-OH group of donors, NAD or NADP as acceptor",peroxisomal membrane transport,6,3,0.0,GO:0047108,GO:0016616,molecular_function
"1,4-dihydroxy-2-naphthoate polyprenyltransferase activity",prenyltransferase activity,"oxidoreductase activity, acting on the CH-OH group of donors, NAD or NADP as acceptor",6,3,0.0,GO:0046428,GO:0004659,molecular_function
proximal convoluted tubule segment 1 cell differentiation,cell differentiation involved in kidney development,cytokinin biosynthetic process,6,3,1.48e-06,GO:0072062,GO:0061005,biological_process
phenol 2-monooxygenase activity,"oxidoreductase activity, acting on paired donors, with incorporation or reduction of molecular oxygen, NAD(P)H as one donor, and incorporation of one atom of oxygen",carboxylic ester hydrolase activity,6,3,4.37e-07,GO:0018662,GO:0016709,molecular_function
positive regulation of mating type switching,positive regulation of developmental process,potassium ion transmembrane transporter activity,6,3,9.77e-05,GO:0031496,GO:0051094,biological_process
regulation of chondrocyte differentiation,regulation of cell differentiation,proteinogenic amino acid biosynthetic process,6,3,2.4e-05,GO:0032330,GO:0045595,biological_process
C-C chemokine receptor CCR4 signaling pathway,chemokine-mediated signaling pathway,host-mediated perturbation of viral process,6,3,0.000107,GO:0038152,GO:0070098,biological_process
sebaceous gland development,gland development,intracellular membrane-bounded organelle,6,3,2.19e-07,GO:0048733,GO:0048732,biological_process
pyridoxal 5'-phosphate catabolic process,vitamin B6 catabolic process,"regulation of development, heterochronic",6,3,5.37e-08,GO:0032361,GO:0042820,biological_process
interleukin-15-mediated signaling pathway,cytokine-mediated signaling pathway,negative regulation of multicellular organismal process,6,3,4.25e-07,GO:0035723,GO:0019221,biological_process
carotene metabolic process,terpene metabolic process,response to light stimulus,6,3,3.89e-07,GO:0016119,GO:0042214,biological_process
regulation of defense response to virus,regulation of response to biotic stimulus,organofluorine metabolic process,6,3,2.4e-05,GO:0050688,GO:0002831,biological_process
acetylenedicarboxylate decarboxylase activity,carboxy-lyase activity,cardiac cell development,6,3,0.0,GO:0050476,GO:0016831,molecular_function
pregnan-21-ol dehydrogenase (NAD+) activity,"steroid dehydrogenase activity, acting on the CH-OH group of donors, NAD or NADP as acceptor",dicarboxylic acid transport,6,3,1.2e-08,GO:0047007,GO:0033764,molecular_function
anterior mesonephric tubule development,mesonephric tubule development,"oxidoreductase activity, acting on paired donors, with incorporation or reduction of molecular oxygen, NAD(P)H as one donor, and incorporation of one atom of oxygen",6,3,3.24e-06,GO:0072165,GO:0072164,biological_process
regulation of dendritic spine morphogenesis,regulation of neuron projection development,membrane organization,6,3,2.4e-05,GO:0061001,GO:0010975,biological_process
negative regulation of immune response,negative regulation of immune system process,cardiac cell development,6,3,6.17e-05,GO:0050777,GO:0002683,biological_process
chlorophyll biosynthetic process,pigment biosynthetic process,hydro-lyase activity,6,3,5.62e-07,GO:0015995,GO:0046148,biological_process
wing cell fate specification,cell fate specification involved in pattern specification,hydro-lyase activity,6,3,4.07e-05,GO:0035311,GO:0060573,biological_process
sensory perception of electrical stimulus,sensory perception,regulation of cytokine production,6,3,4.79e-06,GO:0050952,GO:0007600,biological_process
lombricine kinase activity,kinase activity,cell differentiation involved in kidney development,6,3,0.0,GO:0050059,GO:0016301,molecular_function
sexual spore wall,spore wall,"regulation of development, heterochronic",6,3,6.61e-05,GO:0097514,GO:0031160,cellular_component
membrane invagination,membrane organization,glial cell fate commitment,6,3,6.61e-06,GO:0010324,GO:0061024,biological_process
5'-methylthioadenosine deaminase activity,deaminase activity,cellular response to oxygen-containing compound,6,3,0.0,GO:0090614,GO:0019239,molecular_function
eye morphogenesis,sensory organ morphogenesis,regulation of hormone metabolic process,6,3,0.000105,GO:0048592,GO:0090596,biological_process
"glycine secretion, neurotransmission",neurotransmitter secretion,gland development,6,3,4.07e-07,GO:0061537,GO:0007269,biological_process
triose-phosphate:phosphate antiporter activity,organophosphate:phosphate antiporter activity,cardiac cell fate commitment,6,3,0.0,GO:0009670,GO:0015315,molecular_function
6-oxocineole dehydrogenase activity,"oxidoreductase activity, acting on paired donors, with incorporation or reduction of molecular oxygen, NAD(P)H as one donor, and incorporation of one atom of oxygen",fatty acyl-CoA hydrolase activity,6,3,0.0,GO:0047597,GO:0016709,molecular_function
negative regulation of spermatid nuclear differentiation,negative regulation of multicellular organismal process,protocadherin-alpha-protocadherin-gamma complex,6,3,6.17e-05,GO:0045701,GO:0051241,biological_process
phosphatidylglycerol lysyltransferase activity,aminoacyltransferase activity,RNA processing,6,3,1.17e-08,GO:0050071,GO:0016755,molecular_function
positive regulation of chemotaxis,positive regulation of response to external stimulus,potassium ion transmembrane transporter activity,6,3,9.77e-05,GO:0050921,GO:0032103,biological_process
octopamine signaling pathway,octopamine or tyramine signaling pathway,regulation of respiratory gaseous exchange,6,3,2e-08,GO:0071927,GO:0007211,biological_process
protein transport across periplasmic space,protein transport,organic anion transport,6,3,3.39e-05,GO:0072322,GO:0015031,biological_process
purine nucleotide-sugar transmembrane transporter activity,nucleotide-sugar transmembrane transporter activity,symbiont-mediated perturbation of host cellular process,6,3,1.51e-07,GO:0036080,GO:0005338,molecular_function
cichorine biosynthetic process,secondary metabolite biosynthetic process,axon development,6,3,0.0,GO:0062032,GO:0044550,biological_process
protein C inhibitor-PLAT complex,serine protease inhibitor complex,secretion,6,3,3.39e-05,GO:0036026,GO:0097180,cellular_component
ADP-specific glucokinase activity,"phosphotransferase activity, alcohol group as acceptor",positive regulation of developmental process,6,3,1.06e-06,GO:0043843,GO:0016773,molecular_function
lysophospholipid transport,carbohydrate derivative transport,Wnt signaling pathway,6,3,0.0,GO:0051977,GO:1901264,biological_process
basement membrane constituent secretion,extracellular matrix constituent secretion,phenylpropanoid catabolic process,6,3,1.51e-05,GO:0061864,GO:0070278,biological_process
negative regulation of meiotic joint molecule formation,negative regulation of cell cycle process,detection of temperature stimulus involved in sensory perception,6,3,6.17e-05,GO:0010947,GO:0010948,biological_process
laminaribiose phosphorylase activity,hexosyltransferase activity,nucleotide-sugar transmembrane transporter activity,6,3,0.0,GO:0050045,GO:0016758,molecular_function
"kynurenate-7,8-dihydrodiol dehydrogenase activity","oxidoreductase activity, acting on the CH-CH group of donors, NAD or NADP as acceptor",regulation of neuron projection development,6,3,0.0,GO:0047114,GO:0016628,molecular_function
Watasenia-luciferin 2-monooxygenase activity,"oxidoreductase activity, acting on single donors with incorporation of molecular oxygen, incorporation of one atom of oxygen (internal monooxygenases or internal mixed function oxidases)",positive regulation of DNA recombination,6,3,0.0,GO:0050397,GO:0016703,molecular_function
isoquinoline alkaloid biosynthetic process,isoquinoline alkaloid metabolic process,pre-mRNA binding,6,3,1.66e-08,GO:0033075,GO:0033076,biological_process
negative regulation of branching involved in lung morphogenesis,negative regulation of multicellular organismal process,methylglyoxal metabolic process,6,3,6.17e-05,GO:0061048,GO:0051241,biological_process
pre-mRNA 5'-splice site binding,pre-mRNA binding,protein kinase regulator activity,6,3,1.56e-06,GO:0030627,GO:0036002,molecular_function
membrane assembly,cellular component assembly,sensory organ morphogenesis,6,3,6.61e-06,GO:0071709,GO:0022607,biological_process
positive regulation of reciprocal meiotic recombination,positive regulation of DNA recombination,tetrahydrofolate metabolic process,6,3,9.77e-05,GO:0010845,GO:0045911,biological_process
ornithine N-benzoyltransferase activity,"acyltransferase activity, transferring groups other than amino-acyl groups",ketone catabolic process,6,3,8.32e-08,GO:0050156,GO:0016747,molecular_function
protein secretion by the type VIII secretion system,protein transport across the cell outer membrane,"oxidoreductase activity, acting on paired donors, with incorporation or reduction of molecular oxygen, NAD(P)H as one donor, and incorporation of one atom of oxygen",6,3,3.39e-05,GO:0098777,GO:0098776,biological_process
positive regulation of deacetylase activity,regulation of deacetylase activity,regulation of vulval development,6,3,9.77e-05,GO:0090045,GO:0150065,biological_process
adenylate cyclase activator activity,cyclase activator activity,cellular response to oxygen-containing compound,6,3,5.25e-08,GO:0010856,GO:0010853,molecular_function
acetylene hydratase activity,hydro-lyase activity,protocadherin-alpha-protocadherin-gamma complex,6,3,2.75e-07,GO:0018818,GO:0016836,molecular_function
"2 iron, 2 sulfur cluster binding",iron-sulfur cluster binding,kinase activity,6,3,0.001,GO:0051537,GO:0051536,molecular_function
negative regulation of vesicle fusion,negative regulation of organelle organization,mitotic cytokinetic process,6,3,6.17e-05,GO:0031339,GO:0010639,biological_process
negative regulation of floral organ abscission,regulation of floral organ abscission,mitotic cytokinetic process,6,3,6.17e-05,GO:0060862,GO:0060860,biological_process
N-methyl nucleosidase activity,"hydrolase activity, hydrolyzing N-glycosyl compounds","oxidoreductase activity, acting on single donors with incorporation of molecular oxygen, incorporation of one atom of oxygen (internal monooxygenases or internal mixed function oxidases)",6,3,1.64e-06,GO:0033960,GO:0016799,molecular_function
bilirubin transport,dicarboxylic acid transport,positive regulation of developmental process,6,3,2.04e-07,GO:0015723,GO:0006835,biological_process
daunorubicin transport,organic cation transport,negative regulation of organelle organization,6,3,1.58e-08,GO:0043215,GO:0015695,biological_process
positive regulation of saliva secretion,regulation of saliva secretion,"oxidoreductase activity, acting on paired donors, with incorporation or reduction of molecular oxygen, NAD(P)H as one donor, and incorporation of one atom of oxygen",6,3,9.77e-05,GO:0046878,GO:0046877,biological_process
snRNA stem-loop binding,snRNA binding,cellular response to nitrogen compound,6,3,1.45e-08,GO:0035614,GO:0017069,molecular_function
mesenchymal-epithelial cell signaling involved in lung development,mesenchymal-epithelial cell signaling,protein transport across the cell outer membrane,6,3,2.43e-07,GO:0060496,GO:0060638,biological_process
negative regulation of carbohydrate metabolic process,regulation of carbohydrate metabolic process,regulation of iron ion transmembrane transport,7,4,6.17e-05,GO:0045912,GO:0006109,biological_process
polyol catabolic process,polyol metabolic process,regulation of catabolic process,7,4,4.79e-08,GO:0046174,GO:0019751,biological_process
methyl farnesoate epoxidase activity,"oxidoreductase activity, acting on paired donors, with incorporation or reduction of molecular oxygen, reduced flavin or flavoprotein as one donor, and incorporation of one atom of oxygen",epoxide hydrolase activity,6,4,1.66e-06,GO:0120511,GO:0016712,molecular_function
keratan sulfate proteoglycan metabolic process,proteoglycan metabolic process,nucleoside phosphate biosynthetic process,7,4,0.0,GO:0042339,GO:0006029,biological_process
positive regulation of protein localization to nucleus,regulation of protein localization to nucleus,interferon receptor activity,6,4,9.77e-05,GO:1900182,GO:1900180,biological_process
post-embryonic dorsal fin morphogenesis,post-embryonic medial fin morphogenesis,female genitalia development,7,4,1.69e-06,GO:0035134,GO:0035132,biological_process
imaginal disc-derived female genitalia development,female genitalia development,negative regulation of blood coagulation,7,4,5.25e-08,GO:0007486,GO:0030540,biological_process
neosartoricin biosynthetic process,polyketide biosynthetic process,deoxyribose phosphate catabolic process,6,4,0.0,GO:1902050,GO:0030639,biological_process
T cell activation via T cell receptor contact with antigen bound to MHC molecule on antigen presenting cell,T cell activation involved in immune response,proteoglycan metabolic process,7,4,0.000269,GO:0002291,GO:0002286,biological_process
negative regulation of epithelial tube formation,negative regulation of morphogenesis of an epithelium,response to light intensity,6,4,6.17e-05,GO:1905277,GO:1905331,biological_process
type I interferon receptor activity,interferon receptor activity,polyol metabolic process,7,4,0.000186,GO:0004905,GO:0004904,molecular_function
"cellulose 1,4-beta-cellobiosidase activity (reducing end)","hydrolase activity, hydrolyzing O-glycosyl compounds","acyltransferase activity, transferring groups other than amino-acyl groups",6,4,1.17e-06,GO:0102252,GO:0004553,molecular_function
positive regulation of interleukin-7 production,regulation of interleukin-7 production,methanopterin-containing compound biosynthetic process,7,4,9.77e-05,GO:0032756,GO:0032676,biological_process
GABA shunt,L-amino acid metabolic process,hexosyltransferase activity,7,4,6.92e-07,GO:0006540,GO:0170033,biological_process
cilium movement involved in otolith formation,epithelial cilium movement involved in extracellular fluid movement,mesenchymal cell migration,7,4,5.13e-08,GO:0003355,GO:0003351,biological_process
negative regulation of peptide secretion,negative regulation of secretion,S-adenosylmethionine-dependent methyltransferase activity,7,4,6.17e-05,GO:0002792,GO:0051048,biological_process
raffinose catabolic process,oligosaccharide catabolic process,"oxidoreductase activity, acting on paired donors, with incorporation or reduction of molecular oxygen, reduced flavin or flavoprotein as one donor, and incorporation of one atom of oxygen",7,4,2.34e-08,GO:0034484,GO:0009313,biological_process
Edg-3 sphingosine 1-phosphate receptor binding,endothelial differentiation G protein-coupled receptor binding,bradykinin receptor binding,7,4,1.26e-07,GO:0031756,GO:0031753,molecular_function
NK T cell lineage commitment,alpha-beta T cell lineage commitment,regulation of intracellular signal transduction,7,4,2.88e-06,GO:0002364,GO:0002363,biological_process
peptidyl-arginine methylation,peptidyl-arginine modification,L-amino-acid N-acetyltransferase activity,7,4,2.79e-08,GO:0018216,GO:0018195,biological_process
isoliquiritigenin 2'-O-methyltransferase activity,S-adenosylmethionine-dependent methyltransferase activity,"negative regulation of CD4-positive, alpha-beta T cell differentiation",7,4,0.0,GO:0033802,GO:0008757,molecular_function
regulation of gamma-aminobutyric acid secretion,regulation of secretion,regulation of toll-like receptor 7 signaling pathway,7,4,2.4e-05,GO:0014052,GO:0051046,biological_process
positive regulation of response to cell cycle checkpoint signaling,positive regulation of cellular process,leukocyte differentiation,6,4,9.77e-05,GO:1902146,GO:0048522,biological_process
positive regulation of phospholipase activity,regulation of phospholipase activity,translocation of peptides or proteins into host,7,4,9.77e-05,GO:0010518,GO:0010517,biological_process
3' overhang single-stranded DNA endonuclease activity,single-stranded DNA endonuclease activity,polyol metabolic process,6,4,0.000813,GO:1990599,GO:0000014,molecular_function
negative regulation of interleukin-13 production,regulation of interleukin-13 production,pyridine-containing compound catabolic process,7,4,6.17e-05,GO:0032696,GO:0032656,biological_process
nicotinate biosynthetic process,monocarboxylic acid biosynthetic process,regulation of cartilage condensation,6,4,1.02e-08,GO:1901849,GO:0072330,biological_process
cellular response to interferon-alpha,response to interferon-alpha,phenol-containing compound catabolic process,7,4,7.76e-06,GO:0035457,GO:0035455,biological_process
isoursodeoxycholate 7-beta-dehydrogenase (NAD+) activity,"steroid dehydrogenase activity, acting on the CH-OH group of donors, NAD or NADP as acceptor",nicotinamide nucleotide biosynthetic process,6,4,0.0,GO:0106282,GO:0033764,molecular_function
accessory nerve maturation,cranial nerve maturation,positive regulation of multicellular organismal process,7,4,4.27e-06,GO:0021606,GO:0021605,biological_process
negative regulation of platelet activation,regulation of platelet activation,negative regulation of viral life cycle,7,4,6.17e-05,GO:0010544,GO:0010543,biological_process
formaldehyde assimilation via ribulose monophosphate cycle,formaldehyde assimilation,negative regulation of developmental process,7,4,9.33e-07,GO:0019647,GO:0019649,biological_process
tripeptide aminopeptidase activity,tripeptidase activity,channel activity,7,4,1.86e-08,GO:0045148,GO:0034701,molecular_function
"regulation of photosynthesis, dark reaction",regulation of photosynthesis,secondary alcohol metabolic process,7,4,2.4e-05,GO:0010110,GO:0010109,biological_process
negative regulation of mesoderm development,negative regulation of developmental process,"oxidoreductase activity, acting on paired donors, with incorporation or reduction of molecular oxygen, reduced flavin or flavoprotein as one donor, and incorporation of one atom of oxygen",6,4,6.17e-05,GO:2000381,GO:0051093,biological_process
negative regulation of tolerance induction to self antigen,regulation of tolerance induction to self antigen,regulation of supramolecular fiber organization,7,4,6.17e-05,GO:0002650,GO:0002649,biological_process
invasive growth in response to pheromone,invasive filamentous growth,regulation of amine metabolic process,7,4,4.9e-06,GO:0045311,GO:0036267,biological_process
negative regulation of male germ cell proliferation,negative regulation of reproductive process,histone H3 acetyltransferase activity,6,4,6.17e-05,GO:2000255,GO:2000242,biological_process
response to zinc ion starvation,response to metal ion starvation,negative regulation of secretion,6,4,0.000107,GO:0120127,GO:0180055,biological_process
"L-histidine, sodium:proton antiporter activity",amino acid:monoatomic cation antiporter activity,regulation of toll-like receptor 12 signaling pathway,6,4,1.78e-07,GO:0140832,GO:0140848,molecular_function
B1 bradykinin receptor binding,bradykinin receptor binding,NAD+ biosynthetic process,7,4,1.58e-06,GO:0031712,GO:0031711,molecular_function
ubiquinone biosynthetic process,quinone biosynthetic process,regulation of photosynthesis,7,4,5.01e-08,GO:0006744,GO:1901663,biological_process
regulation of T cell activation via T cell receptor contact with antigen bound to MHC molecule on antigen presenting cell,regulation of immune response,regulation of platelet activation,6,4,2.4e-05,GO:2001188,GO:0050776,biological_process
negative regulation of MyD88-independent toll-like receptor signaling pathway,regulation of MyD88-independent toll-like receptor signaling pathway,"acyltransferase activity, transferring groups other than amino-acyl groups",7,4,6.17e-05,GO:0034128,GO:0034127,biological_process
response to absence of light,response to light intensity,methanopterin-containing compound biosynthetic process,7,4,0.000107,GO:0009646,GO:0009642,biological_process
histone H3K23 acetyltransferase activity,histone H3 acetyltransferase activity,butyrate metabolic process,7,4,5.13e-07,GO:0043994,GO:0010484,molecular_function
positive regulation of D-glucose transmembrane transport,positive regulation of transmembrane transport,regulation of iron ion transmembrane transport,7,4,9.77e-05,GO:0010828,GO:0034764,biological_process
growth cone lamellipodium,lamellipodium,negative regulation of reproductive process,6,4,0.000107,GO:1990761,GO:0030027,cellular_component
"beta-N-acetylglucosaminylglycopeptide beta-1,4-galactosyltransferase activity",UDP-galactosyltransferase activity,S-adenosylmethionine-dependent methyltransferase activity,7,4,0.0,GO:0003831,GO:0035250,molecular_function
curcumin synthase activity,"acyltransferase activity, transferring groups other than amino-acyl groups",secondary metabolite catabolic process,6,4,1.55e-07,GO:0102106,GO:0016747,molecular_function
negative regulation of viral translation,regulation of viral translation,polyketide biosynthetic process,6,4,6.17e-05,GO:1904972,GO:1904971,biological_process
negative regulation of filamentous growth of a population of unicellular organisms in response to chemical stimulus,negative regulation of response to stimulus,glycolipid metabolic process,6,4,6.17e-05,GO:1900438,GO:0048585,biological_process
NAD-dependent protein lipoamidase activity,"acyltransferase activity, transferring groups other than amino-acyl groups",regulation of phospholipase activity,6,4,7.8e-07,GO:0106419,GO:0016747,molecular_function
glycine metabolic process,alpha-amino acid metabolic process,regulation of lens fiber cell differentiation,7,4,4.07e-07,GO:0006544,GO:1901605,biological_process
L-isoleucine import across plasma membrane,amino acid import across plasma membrane,response to borneol,6,4,8.51e-08,GO:1903806,GO:0089718,biological_process
postsynapse assembly,postsynapse organization,response to light intensity,6,4,0.0,GO:0099068,GO:0099173,biological_process
neutrophil apoptotic process,myeloid cell apoptotic process,"carbon-oxygen lyase activity, acting on phosphates",7,4,1.86e-07,GO:0001781,GO:0033028,biological_process
regulation of chemokine activity,regulation of cytokine activity,regulation of toll-like receptor 7 signaling pathway,6,4,2.4e-05,GO:1900136,GO:0060300,biological_process
regulation of extracellular matrix organization,regulation of cellular component organization,regulation of amine metabolic process,6,4,2.4e-05,GO:1903053,GO:0051128,biological_process
positive regulation of biosynthetic process,positive regulation of metabolic process,"hydrolase activity, hydrolyzing O-glycosyl compounds",7,4,9.77e-05,GO:0009891,GO:0009893,biological_process
violaceol II catabolic process,secondary metabolite catabolic process,regulation of immune response,6,4,0.0,GO:1900592,GO:0090487,biological_process
phenylpropanoyltransferase activity,"acyltransferase activity, transferring groups other than amino-acyl groups",regulation of phospholipase activity,6,4,0.0,GO:0102922,GO:0016747,molecular_function
response to purvalanol A,response to purine-containing compound,otolith mineralization,6,4,0.000107,GO:1901560,GO:0014074,biological_process
protein C-terminal leucine carboxyl O-methyltransferase activity,protein C-terminal carboxyl O-methyltransferase activity,vitamin D metabolic process,7,4,3.39e-05,GO:0018423,GO:0003880,molecular_function
F-9775B catabolic process,phenol-containing compound catabolic process,organophosphate biosynthetic process,6,4,4.5e-12,GO:1900613,GO:0019336,biological_process
monocyte differentiation,myeloid leukocyte differentiation,positive regulation of metabolic process,7,4,1.17e-07,GO:0030224,GO:0002573,biological_process
regulation of iron ion import across plasma membrane,regulation of iron ion transmembrane transport,tricarboxylic acid transmembrane transport,6,4,2.4e-05,GO:1904438,GO:0034759,biological_process
G protein-coupled receptor homodimeric complex,G protein-coupled receptor dimeric complex,RNA modification,7,4,0.0001,GO:0038038,GO:0038037,cellular_component
cellular response to borneol,response to borneol,negative regulation of developmental process,6,4,7.76e-06,GO:1905231,GO:1905230,biological_process
positive regulation of lens fiber cell differentiation,regulation of lens fiber cell differentiation,S-adenosylmethionine-dependent methyltransferase activity,6,4,9.77e-05,GO:1902748,GO:1902746,biological_process
nicotinate catabolic process,pyridine-containing compound catabolic process,regulation of male mating behavior,6,4,1.02e-08,GO:1901848,GO:0072526,biological_process
F-9775B catabolic process,polyketide catabolic process,CoA-ligase activity,6,4,4.5e-12,GO:1900613,GO:0030640,biological_process
positive regulation of response to gamma radiation,regulation of response to gamma radiation,regulation of endothelial cell migration,6,4,9.77e-05,GO:2001230,GO:2001228,biological_process
cellular response to glucose-phosphate stress,cellular response to sugar-phosphate stress,endothelial differentiation G protein-coupled receptor binding,7,4,7.76e-06,GO:0036448,GO:0036447,biological_process
positive regulation of cell budding,positive regulation of asexual reproduction,core promoter sequence-specific DNA binding,7,4,9.77e-05,GO:0045782,GO:1903666,biological_process
diol metabolic process,polyol metabolic process,plastid membrane organization,7,4,1.12e-07,GO:0034311,GO:0019751,biological_process
negative regulation of antimicrobial humoral response,negative regulation of response to biotic stimulus,regulation of anatomical structure morphogenesis,7,4,6.17e-05,GO:0008348,GO:0002832,biological_process
vitamin D biosynthetic process,vitamin D metabolic process,aromatic amino acid transport,7,4,1.02e-05,GO:0042368,GO:0042359,biological_process
negative regulation of intracellular transport of viral material,negative regulation of viral life cycle,CoA-ligase activity,6,4,6.17e-05,GO:1901253,GO:1903901,biological_process
negative regulation of toll-like receptor 12 signaling pathway,regulation of toll-like receptor 12 signaling pathway,S-adenosylmethionine-dependent methyltransferase activity,7,4,6.17e-05,GO:0034176,GO:0034175,biological_process
benzoyl-CoA catabolic process,benzoyl-CoA metabolic process,nucleic acid catabolic process,6,4,1.88e-07,GO:1901788,GO:1901787,biological_process
positive regulation of determination of dorsal identity,positive regulation of multicellular organismal process,hexosyltransferase activity,6,4,9.77e-05,GO:2000017,GO:0051240,biological_process
fatty acid omega-1 hydroxylase activity,"oxidoreductase activity, acting on paired donors, with incorporation or reduction of molecular oxygen, reduced flavin or flavoprotein as one donor, and incorporation of one atom of oxygen",RNA modification,6,4,6.31e-06,GO:0120502,GO:0016712,molecular_function
purine ribonucleoside catabolic process,ribonucleoside catabolic process,endothelial differentiation G protein-coupled receptor binding,7,4,1.51e-07,GO:0046130,GO:0042454,biological_process
negative regulation of cytokine production involved in immune response,regulation of cytokine production involved in immune response,regulation of response to biotic stimulus,7,4,6.17e-05,GO:0002719,GO:0002718,biological_process
positive regulation of fear response,positive regulation of response to stimulus,"steroid dehydrogenase activity, acting on the CH-OH group of donors, NAD or NADP as acceptor",6,4,9.77e-05,GO:1903367,GO:0048584,biological_process
negative regulation of sevenless signaling pathway,negative regulation of signal transduction,amino acid:monoatomic cation antiporter activity,7,4,6.17e-05,GO:0045873,GO:0009968,biological_process
acetyl-CoA fermentation to butanoate,butyrate metabolic process,tripeptidase activity,7,4,3.78e-07,GO:0030645,GO:0019605,biological_process
positive regulation of melanosome transport,positive regulation of transport,regulation of heart induction,6,4,9.77e-05,GO:1902910,GO:0051050,biological_process
negative regulation of hormone biosynthetic process,negative regulation of biosynthetic process,negative regulation of reproductive process,7,4,6.17e-05,GO:0032353,GO:0009890,biological_process
cyanidin 3-O-glucoside 5-O-glucosyltransferase (acyl-glucose) activity,hexosyltransferase activity,regulation of response to gamma radiation,6,4,2.19e-08,GO:0102506,GO:0016758,molecular_function
stress granule disassembly,organelle disassembly,negative regulation of biosynthetic process,7,4,5.37e-05,GO:0035617,GO:1903008,biological_process
glycerophospholipid catabolic process,glycerolipid catabolic process,regulation of lens fiber cell differentiation,7,4,0.0,GO:0046475,GO:0046503,biological_process
6-carboxyhexanoate-CoA ligase activity,CoA-ligase activity,negative regulation of secretion,7,4,0.0,GO:0042410,GO:0016405,molecular_function
N-cyclopropylmelamine catabolic process,s-triazine compound catabolic process,organelle organization,7,4,0.0,GO:0042202,GO:0042204,biological_process
negative regulation of endothelial tube morphogenesis,negative regulation of multicellular organismal process,response to metal ion starvation,6,4,6.17e-05,GO:1905955,GO:0051241,biological_process
RNA polymerase I core promoter sequence-specific DNA binding,core promoter sequence-specific DNA binding,regulation of phosphate transport,7,4,4.79e-06,GO:0001164,GO:0001046,molecular_function
cell leading edge cell cortex,cell cortex region,regulation of cellular response to very-low-density lipoprotein particle stimulus,6,4,7.41e-05,GO:1904269,GO:0099738,cellular_component
lifelong otolith mineralization,otolith mineralization,RNA modification,7,4,5.62e-06,GO:0031174,GO:0045299,biological_process
protein dealkylation,protein modification process,RNA polymerase II-specific DNA-binding transcription factor binding,7,4,3.39e-05,GO:0008214,GO:0036211,biological_process
cis-stilbene-oxide hydrolase activity,epoxide hydrolase activity,G protein-coupled amine receptor activity,7,4,2.37e-08,GO:0033961,GO:0004301,molecular_function
regulation of protein localization to lysosome,regulation of protein localization,negative regulation of amino acid transport,6,4,2.4e-05,GO:0150031,GO:0032880,biological_process
organelle disassembly,organelle organization,regulation of supramolecular fiber organization,6,4,1.35e-07,GO:1903008,GO:0006996,biological_process
negative regulation of gonad development,regulation of gonad development,negative regulation of biosynthetic process,6,4,6.17e-05,GO:1905940,GO:1905939,biological_process
nucleoside bisphosphate biosynthetic process,nucleoside phosphate biosynthetic process,benzoyl-CoA metabolic process,7,4,1.74e-07,GO:0033866,GO:1901293,biological_process
negative regulation of maltose transport,negative regulation of transport,tricarboxylic acid transmembrane transport,6,4,6.17e-05,GO:1902344,GO:0051051,biological_process
mononuclear cell differentiation,leukocyte differentiation,translocation of peptides or proteins into host,6,4,1.38e-07,GO:1903131,GO:0002521,biological_process
negative regulation of trophoblast cell migration,negative regulation of reproductive process,regulation of protein localization to nucleus,6,4,6.17e-05,GO:1901164,GO:2000242,biological_process
pyoverdine biosynthetic process,siderophore biosynthetic process,response to metal ion starvation,7,4,0.0,GO:0002049,GO:0019290,biological_process
rRNA (adenine-N6-)-methyltransferase activity,N-methyltransferase activity,response to purine-containing compound,7,4,3.16e-07,GO:0008988,GO:0008170,molecular_function
3-phosphoinositide-dependent protein kinase binding,protein kinase binding,positive regulation of transmembrane transport,7,4,4.56e-08,GO:0043423,GO:0019901,molecular_function
positive regulation of interleukin-11 production,positive regulation of cytokine production,lipid translocation,7,4,9.77e-05,GO:0032734,GO:0001819,biological_process
tRNA-queuosine(34) galactosyltransferase activity,"catalytic activity, acting on a tRNA",negative regulation of signal transduction,6,4,0.0,GO:0141125,GO:0140101,molecular_function
negative regulation of toll-like receptor 7 signaling pathway,regulation of toll-like receptor 7 signaling pathway,regulation of phospholipase activity,7,4,6.17e-05,GO:0034156,GO:0034155,biological_process
butyryl-CoA biosynthetic process from acetyl-CoA,butyryl-CoA biosynthetic process,channel activity,7,4,0.0,GO:0044579,GO:0044578,biological_process
regulation of optic nerve formation,regulation of anatomical structure morphogenesis,organophosphate biosynthetic process,6,4,2.4e-05,GO:2000595,GO:0022603,biological_process
omega-hydroxyceramide transacylase activity,"acyltransferase activity, transferring groups other than amino-acyl groups",diol biosynthetic process,6,4,0.0,GO:0106341,GO:0016747,molecular_function
(-)-secoisolariciresinol biosynthetic process,diol biosynthetic process,canonical Wnt signaling pathway,6,4,0.0,GO:1902138,GO:0034312,biological_process
negative regulation of cellular response to very-low-density lipoprotein particle stimulus,regulation of cellular response to very-low-density lipoprotein particle stimulus,regulation of male mating behavior,6,4,6.17e-05,GO:1905888,GO:1905890,biological_process
cellular response to nitroglycerin,cellular response to oxygen-containing compound,proteoglycan metabolic process,6,4,7.76e-06,GO:1904843,GO:1901701,biological_process
neurotransmitter receptor diffusion trapping,receptor diffusion trapping,cell cortex region,6,4,6.76e-07,GO:0099628,GO:0098953,biological_process
negative regulation of maltotriulose transport,negative regulation of transport,positive regulation of response to stimulus,6,4,6.17e-05,GO:1900325,GO:0051051,biological_process
cellular response to puromycin,response to puromycin,polyol metabolic process,6,4,7.76e-06,GO:1905795,GO:1905794,biological_process
GTP metabolic process,purine ribonucleoside triphosphate metabolic process,S-adenosylmethionine-dependent methyltransferase activity,7,4,2.75e-07,GO:0046039,GO:0009205,biological_process
steviol 13-O glucosyltransferase activity,hexosyltransferase activity,quinone biosynthetic process,6,4,0.0,GO:0102377,GO:0016758,molecular_function
positive regulation of heart induction,regulation of heart induction,"acyltransferase activity, transferring groups other than amino-acyl groups",6,4,9.77e-05,GO:1901321,GO:0090381,biological_process
positive regulation of mast cell activation by Fc-epsilon receptor signaling pathway,positive regulation of mast cell activation,regulation of viral translation,7,4,9.77e-05,GO:0038097,GO:0033005,biological_process
regulation of post-lysosomal vacuole size,regulation of vesicle size,N-methyltransferase activity,7,4,2.4e-05,GO:0044656,GO:0097494,biological_process
embryonic forelimb morphogenesis,forelimb morphogenesis,regulation of cell fate specification,7,4,1.7e-06,GO:0035115,GO:0035136,biological_process
regulation of amine catabolic process,regulation of amine metabolic process,regulation of cellular component organization,7,4,2.4e-05,GO:0033241,GO:0033238,biological_process
positive regulation of cell-substrate adhesion,positive regulation of cell adhesion,regulation of apical ectodermal ridge formation,7,4,9.77e-05,GO:0010811,GO:0045785,biological_process
positive regulation of protein-containing complex assembly,regulation of protein-containing complex assembly,core promoter sequence-specific DNA binding,7,4,9.77e-05,GO:0031334,GO:0043254,biological_process
negative regulation of T-helper cell differentiation,"negative regulation of CD4-positive, alpha-beta T cell differentiation",regulation of cytokine production involved in immune response,7,4,6.17e-05,GO:0045623,GO:0043371,biological_process
regulation of nitric oxide mediated signal transduction,regulation of intracellular signal transduction,regulation of cellular component organization,7,4,2.4e-05,GO:0010749,GO:1902531,biological_process
positive regulation of apical ectodermal ridge formation,regulation of apical ectodermal ridge formation,negative regulation of blood coagulation,6,4,9.77e-05,GO:1905142,GO:1905140,biological_process
glucuronoxylan 4-O-methyltransferase activity,S-adenosylmethionine-dependent methyltransferase activity,response to purine-containing compound,7,4,0.0,GO:0030775,GO:0008757,molecular_function
actin rod assembly,actin filament bundle assembly,positive regulation of multicellular organismal process,7,4,1.38e-06,GO:0031247,GO:0051017,biological_process
regulation of interleukin-1 beta production,regulation of interleukin-1 production,regulation of cellular component organization,7,4,2.4e-05,GO:0032651,GO:0032652,biological_process
cellular response to nonane,cellular response to alkane,hexosyltransferase activity,6,4,7.76e-06,GO:1902781,GO:1902779,biological_process
1-aminocyclopropane-1-carboxylate catabolic process,alpha-amino acid catabolic process,regulation of secretion,7,4,0.0,GO:0042217,GO:1901606,biological_process
D-glycero-D-manno-heptose 7-phosphate biosynthetic process,organophosphate biosynthetic process,cellular response to sugar-phosphate stress,6,4,0.0,GO:2001061,GO:0090407,biological_process
positive regulation of initiation of premeiotic DNA replication,positive regulation of DNA-templated DNA replication initiation,positive regulation of multicellular organismal process,6,4,9.77e-05,GO:1904514,GO:0032298,biological_process
regulation of mesodermal cell fate specification,regulation of cell fate specification,cranial nerve maturation,7,4,2.4e-05,GO:0042661,GO:0042659,biological_process
NAD+ biosynthetic process,nicotinamide nucleotide biosynthetic process,purine ribonucleoside triphosphate metabolic process,7,4,8.13e-07,GO:0009435,GO:0019359,biological_process
cell wall glycoprotein biosynthetic process,glycoprotein biosynthetic process,RNA polymerase II-specific DNA-binding transcription factor binding,7,4,7.41e-05,GO:0031506,GO:0009101,biological_process
regulation of myosin II filament organization,regulation of supramolecular fiber organization,ribonucleoside catabolic process,7,4,2.4e-05,GO:0043519,GO:1902903,biological_process
protein-DNA complex disassembly,protein-DNA complex organization,formaldehyde assimilation,7,4,1.62e-05,GO:0032986,GO:0071824,biological_process
alpha-copaene synthase activity,"carbon-oxygen lyase activity, acting on phosphates",core promoter sequence-specific DNA binding,6,4,0.0,GO:0102877,GO:0016838,molecular_function
bacteriochlorophyll catabolic process,chlorophyll catabolic process,interferon receptor activity,7,4,0.0,GO:0030495,GO:0015996,biological_process
translocation of peptides or proteins into host cell cytoplasm,translocation of peptides or proteins into host,polyketide biosynthetic process,7,4,5.25e-07,GO:0044053,GO:0042000,biological_process
negative regulation of exocyst assembly,negative regulation of protein-containing complex assembly,positive regulation of asexual reproduction,7,4,6.17e-05,GO:0001929,GO:0031333,biological_process
regulation of tight junction disassembly,regulation of cellular component organization,regulation of cytokine production involved in immune response,6,4,2.4e-05,GO:1905073,GO:0051128,biological_process
negative regulation of gamma-aminobutyric acid secretion,negative regulation of amino acid transport,amino acid import across plasma membrane,7,4,6.17e-05,GO:0014053,GO:0051956,biological_process
snRNA modification,RNA modification,regulation of response to gamma radiation,7,4,1.45e-08,GO:0040031,GO:0009451,biological_process
"L-glutamate N-acetyltransferase activity, acting on acetyl-L-ornithine as donor",L-amino-acid N-acetyltransferase activity,"oxidoreductase activity, acting on paired donors, with incorporation or reduction of molecular oxygen, reduced flavin or flavoprotein as one donor, and incorporation of one atom of oxygen",7,4,7.55e-07,GO:0004358,GO:0140085,molecular_function
Rho GDP-dissociation inhibitor activity,GDP-dissociation inhibitor activity,protein modification process,7,4,6.46e-07,GO:0005094,GO:0005092,molecular_function
negative regulation of cellular response to very-low-density lipoprotein particle stimulus,negative regulation of cellular process,translocation of peptides or proteins into host,6,4,6.17e-05,GO:1905888,GO:0048523,biological_process
regulation of natural killer cell degranulation,regulation of natural killer cell mediated cytotoxicity,negative regulation of morphogenesis of an epithelium,7,4,2.4e-05,GO:0043321,GO:0042269,biological_process
negative regulation of tube lumen cavitation,negative regulation of developmental process,methanopterin-containing compound biosynthetic process,6,4,6.17e-05,GO:1903133,GO:0051093,biological_process
plastid inner membrane organization,plastid membrane organization,protein-DNA complex organization,7,4,7.41e-08,GO:0009667,GO:0009668,biological_process
neural crest cell migration,mesenchymal cell migration,positive regulation of multicellular organismal process,7,4,5.75e-06,GO:0001755,GO:0090497,biological_process
regulation of phosphate transmembrane transport,regulation of phosphate transport,epithelial cilium movement involved in extracellular fluid movement,6,4,2.4e-05,GO:2000185,GO:0010966,biological_process
fibrinolysis,negative regulation of blood coagulation,T cell activation involved in immune response,7,4,3.16e-08,GO:0042730,GO:0030195,biological_process
positive regulation of cartilage condensation,regulation of cartilage condensation,negative regulation of transport,6,4,9.77e-05,GO:1902027,GO:1902026,biological_process
negative regulation of male mating behavior,regulation of male mating behavior,organelle organization,6,4,6.17e-05,GO:1902436,GO:1902435,biological_process
cspyrone B1 biosynthetic process,secondary metabolite biosynthetic process,formaldehyde assimilation,6,4,0.0,GO:1900802,GO:0044550,biological_process
sphingolipid translocation,lipid translocation,secondary metabolite catabolic process,6,4,1.95e-08,GO:0099039,GO:0034204,biological_process
pyridine N-methyltransferase activity,S-adenosylmethionine-dependent methyltransferase activity,positive regulation of response to stimulus,7,4,1.62e-07,GO:0030760,GO:0008757,molecular_function
tRNA (5-methylaminomethyl-2-thiouridylate)(34)-methyltransferase activity,S-adenosylmethionine-dependent methyltransferase activity,negative regulation of developmental process,7,4,3.39e-07,GO:0004808,GO:0008757,molecular_function
post-embryonic anal fin morphogenesis,anal fin morphogenesis,epithelial cilium movement involved in extracellular fluid movement,7,4,1.69e-06,GO:0035135,GO:0035144,biological_process
ceramide 1-phosphate transport,phospholipid transport,RNA polymerase II-specific DNA-binding transcription factor binding,6,4,1.15e-07,GO:1902389,GO:0015914,biological_process
regulation of autophagy,regulation of catabolic process,negative regulation of reproductive process,7,4,2.4e-05,GO:0010506,GO:0009894,biological_process
DNA catabolic process,nucleic acid catabolic process,xenobiotic transport,7,4,3.09e-05,GO:0006308,GO:0141188,biological_process
L-phenylalanine import across plasma membrane,aromatic amino acid transport,regulation of supramolecular fiber organization,6,4,1.95e-07,GO:0140925,GO:0015801,biological_process
positive regulation of vitellogenesis,positive regulation of multicellular organismal process,protein kinase binding,6,4,9.77e-05,GO:1903188,GO:0051240,biological_process
glycosphingolipid metabolic process,glycolipid metabolic process,negative regulation of biosynthetic process,7,4,0.0,GO:0006687,GO:0006664,biological_process
positive regulation of photomorphogenesis,positive regulation of response to stimulus,S-adenosylmethionine-dependent methyltransferase activity,6,4,9.77e-05,GO:2000306,GO:0048584,biological_process
G protein-coupled serotonin receptor activity,G protein-coupled amine receptor activity,regulation of apical ectodermal ridge formation,7,4,0.0001,GO:0004993,GO:0008227,molecular_function
peptidyl-cysteine methylation,peptidyl-cysteine modification,protein C-terminal carboxyl O-methyltransferase activity,7,4,2.77e-08,GO:0018125,GO:0018198,biological_process
nuclear receptor binding,RNA polymerase II-specific DNA-binding transcription factor binding,regulation of platelet activation,7,4,5.37e-05,GO:0016922,GO:0061629,molecular_function
mitochondrial tricarboxylic acid transmembrane transport,tricarboxylic acid transmembrane transport,pyridine-containing compound catabolic process,6,4,1.86e-06,GO:1990546,GO:0035674,biological_process
canonical Wnt signaling pathway involved in negative regulation of apoptotic process,canonical Wnt signaling pathway,polyketide biosynthetic process,7,4,2.09e-06,GO:0044336,GO:0060070,biological_process
cholesterol metabolic process,secondary alcohol metabolic process,regulation of anatomical structure morphogenesis,7,4,5.25e-06,GO:0008203,GO:1902652,biological_process
'de novo' NAD+ biosynthetic process from L-aspartate,NAD+ biosynthetic process,single-stranded DNA endonuclease activity,7,4,0.00017,GO:0034628,GO:0009435,biological_process
positive regulation of collagen metabolic process,positive regulation of metabolic process,regulation of cellular component organization,7,4,9.77e-05,GO:0010714,GO:0009893,biological_process
enzyme IIA-maltose transporter complex,ATP-binding cassette (ABC) transporter complex,ribonucleoside catabolic process,6,4,6.61e-06,GO:1990154,GO:0043190,cellular_component
borate channel activity,channel activity,NAD+ biosynthetic process,6,4,1.15e-07,GO:0180044,GO:0015267,molecular_function
regulation of polysaccharide metabolic process,regulation of macromolecule metabolic process,methanopterin-containing compound biosynthetic process,7,4,2.4e-05,GO:0032881,GO:0060255,biological_process
negative regulation of establishment of Sertoli cell barrier,negative regulation of reproductive process,positive regulation of mast cell activation,6,4,6.17e-05,GO:1904445,GO:2000242,biological_process
(R)-2-hydroxyglutarate (NAD+) dehydrogenase activity,"oxidoreductase activity, acting on the CH-OH group of donors, NAD or NADP as acceptor",plastid membrane organization,6,4,0.0,GO:0120568,GO:0016616,molecular_function
positive regulation of lung goblet cell differentiation,positive regulation of epithelial cell differentiation,negative regulation of reproductive process,6,4,9.77e-05,GO:1901251,GO:0030858,biological_process
sarcinapterin biosynthetic process,methanopterin-containing compound biosynthetic process,positive regulation of DNA-templated DNA replication initiation,6,4,0.0,GO:1900868,GO:2001116,biological_process
plastid fission,organelle fission,nucleic acid catabolic process,7,4,7.41e-08,GO:0043572,GO:0048285,biological_process
regulation of endothelial cell chemotaxis,regulation of endothelial cell migration,regulation of male mating behavior,6,4,2.4e-05,GO:2001026,GO:0010594,biological_process
regulation of filamentous growth of a population of unicellular organisms in response to biotic stimulus,regulation of response to biotic stimulus,hexosyltransferase activity,6,4,2.4e-05,GO:1900443,GO:0002831,biological_process
protein sulfhydration,protein modification process,anal fin morphogenesis,7,4,3.39e-05,GO:0044524,GO:0036211,biological_process
xenobiotic transport across blood-brain barrier,xenobiotic transport,negative regulation of multicellular organismal process,6,4,4.68e-08,GO:1990962,GO:0042908,biological_process
2-deoxyribose 1-phosphate catabolic process,deoxyribose phosphate catabolic process,regulation of phospholipase activity,7,4,3.31e-08,GO:0006018,GO:0046386,biological_process
peptidoglycan biosynthetic process,peptidoglycan metabolic process,positive regulation of cytokine production,7,4,5.75e-08,GO:0009252,GO:0000270,biological_process
"positive regulation of synaptic transmission, cholinergic",positive regulation of synaptic transmission,regulation of toll-like receptor 12 signaling pathway,7,4,9.77e-05,GO:0032224,GO:0050806,biological_process
SLIK (SAGA-like) complex,SAGA-type complex,deoxynucleoside kinase activity,7,5,2.95e-08,GO:0046695,GO:0070461,cellular_component
positive regulation of timing of catagen,regulation of timing of catagen,sensory perception of mechanical stimulus,7,5,9.77e-05,GO:0051795,GO:0051794,biological_process
gibberellin metabolic process,diterpenoid metabolic process,regulation of cell fate specification,8,5,2.95e-08,GO:0009685,GO:0016101,biological_process
negative regulation of myeloid cell apoptotic process,regulation of myeloid cell apoptotic process,regulation of protection from non-homologous end joining at telomere,8,5,6.17e-05,GO:0033033,GO:0033032,biological_process
negative regulation of erythrophore differentiation,negative regulation of pigment cell differentiation,histone H3K79 methyltransferase activity,7,5,6.17e-05,GO:0048779,GO:0050941,biological_process
negative regulation of iron ion transmembrane transport,regulation of iron ion transmembrane transport,nuclear body,8,5,6.17e-05,GO:0034760,GO:0034759,biological_process
positive regulation of 3'-UTR-mediated mRNA stabilization,positive regulation of gene expression,positive regulation of dipeptide transport,7,5,9.77e-05,GO:1905870,GO:0010628,biological_process
L-homoserine biosynthetic process,serine family amino acid biosynthetic process,negative regulation of cellular component organization,8,5,1.78e-08,GO:0009090,GO:0009070,biological_process
negative regulation of collagen biosynthetic process,negative regulation of biosynthetic process,regulation of fatty acid metabolic process,8,5,6.17e-05,GO:0032966,GO:0009890,biological_process
regulation of transcription from RNA polymerase II promoter by galactose,carbon catabolite regulation of transcription from RNA polymerase II promoter,regulation of cell fate specification,8,5,2.4e-05,GO:0000431,GO:0000429,biological_process
UDP-alpha-D-glucose biosynthetic process,UDP-alpha-D-glucose metabolic process,regulation of relaxation of cardiac muscle,7,5,4.96e-07,GO:0120530,GO:0006011,biological_process
positive regulation of L-threonine import across plasma membrane,positive regulation of amino acid transport,antimicrobial peptide secretion,7,5,9.77e-05,GO:1900928,GO:0051957,biological_process
lipoxin B4 metabolic process,long-chain fatty acid metabolic process,regulation of microtubule cytoskeleton organization,7,5,0.0,GO:2001304,GO:0001676,biological_process
negative regulation of relaxation of cardiac muscle,regulation of relaxation of cardiac muscle,pyrimidine ribonucleoside diphosphate biosynthetic process,7,5,6.17e-05,GO:1901898,GO:1901897,biological_process
negative regulation of dendritic spine morphogenesis,regulation of dendritic spine morphogenesis,cellular response to light stimulus,7,5,6.17e-05,GO:0061002,GO:0061001,biological_process
positive regulation of peripheral B cell deletion,regulation of peripheral B cell deletion,sno(s)RNA processing,8,5,9.77e-05,GO:0002910,GO:0002908,biological_process
positive regulation of short-term neuronal synaptic plasticity,regulation of short-term neuronal synaptic plasticity,apoptotic process involved in development,7,5,9.77e-05,GO:0048173,GO:0048172,biological_process
leaf phyllotactic patterning,phyllotactic patterning,protein localization to synapse,7,5,1.66e-05,GO:0060772,GO:0060771,biological_process
regulation of type II interferon-mediated signaling pathway,regulation of response to type II interferon,positive regulation of astrocyte differentiation,7,5,2.4e-05,GO:0060334,GO:0060330,biological_process
benzylpenicillin biosynthetic process,benzylpenicillin metabolic process,positive regulation of intracellular signal transduction,7,5,2.29e-08,GO:1901088,GO:1901086,biological_process
extracellularly glutamate-gated chloride channel activity,extracellularly glutamate-gated ion channel activity,regulation of ephrin receptor signaling pathway,8,5,1.51e-08,GO:0008068,GO:0005234,molecular_function
positive regulation of isotype switching to IgE isotypes,regulation of isotype switching to IgE isotypes,positive regulation of blood vessel endothelial cell differentiation,7,5,9.77e-05,GO:0048295,GO:0048293,biological_process
positive regulation of timing of catagen,positive regulation of hair follicle maturation,protein localization to nucleus,7,5,9.77e-05,GO:0051795,GO:0048818,biological_process
positive regulation of dipeptide transmembrane transport,positive regulation of dipeptide transport,peptide hormone secretion,7,5,9.77e-05,GO:2001150,GO:2000880,biological_process
maintenance of CRISPR repeat elements,maintenance of DNA repeat elements,positive regulation of hair follicle maturation,8,5,3.55e-05,GO:0043571,GO:0043570,biological_process
regulation of microtubule anchoring at centrosome,regulation of microtubule cytoskeleton organization,regulation of B cell receptor signaling pathway,7,5,2.4e-05,GO:0150101,GO:0070507,biological_process
peptidyl-threonine phosphorylation,peptidyl-threonine modification,mitochondrial RNA processing,8,5,2.55e-08,GO:0018107,GO:0018210,biological_process
ganglioside GM3 binding,monocarboxylic acid binding,intermembrane lipid transfer,7,5,1.62e-08,GO:1905575,GO:0033293,molecular_function
phenylalanine racemase (ATP-hydrolyzing) activity,amino-acid racemase activity,positive regulation of gene expression,7,5,1.95e-07,GO:0047462,GO:0047661,molecular_function
regulation of Rap protein signal transduction,regulation of small GTPase mediated signal transduction,protein localization to synapse,8,5,2.4e-05,GO:0032487,GO:0051056,biological_process
positive regulation of timing of exogen,positive regulation of hair follicle maturation,protein O-linked glycosylation,7,5,9.77e-05,GO:0051888,GO:0048818,biological_process
type 5 neuropeptide Y receptor binding,neuropeptide Y receptor binding,positive regulation of cytokinesis,8,5,0.000186,GO:0031845,GO:0031841,molecular_function
anterograde axonal transport,axonal transport,negative regulation of pigment cell differentiation,8,5,7.59e-08,GO:0008089,GO:0098930,biological_process
DNA-templated transcription,RNA biosynthetic process,positive regulation of supramolecular fiber organization,8,5,7.06e-08,GO:0006351,GO:0032774,biological_process
negative regulation of heterotypic cell-cell adhesion,negative regulation of cell-cell adhesion,regulation of G protein-coupled receptor signaling pathway,8,5,6.17e-05,GO:0034115,GO:0022408,biological_process
kinetochore disassembly,organelle disassembly,negative regulation of response to biotic stimulus,7,5,2.75e-08,GO:0062096,GO:1903008,biological_process
intestinal type D enteroendocrine cell differentiation,neuroendocrine cell differentiation,regulation of G protein-coupled receptor signaling pathway,7,5,2.09e-06,GO:7770025,GO:0061101,biological_process
positive regulation of T-helper 17 cell lineage commitment,regulation of T-helper 17 cell lineage commitment,CoA-ligase activity,7,5,9.77e-05,GO:2000330,GO:2000328,biological_process
regulation of canonical Wnt signaling pathway,regulation of Wnt signaling pathway,pyrophosphatase activity,7,5,2.4e-05,GO:0060828,GO:0030111,biological_process
positive regulation of synaptic vesicle endocytosis,positive regulation of synaptic vesicle recycling,amino acid neurotransmitter reuptake,7,5,9.77e-05,GO:1900244,GO:1903423,biological_process
pyruvate fermentation to propionate,succinate metabolic process,regulation of meiosis I,8,5,2.95e-07,GO:0019657,GO:0006105,biological_process
negative regulation of cellular respiration,negative regulation of metabolic process,regulation of smooth muscle tissue development,7,5,6.17e-05,GO:1901856,GO:0009892,biological_process
positive regulation of astrocyte activation,positive regulation of astrocyte differentiation,positive regulation of odontogenesis,7,5,9.77e-05,GO:0061890,GO:0048711,biological_process
intermembrane phospholipid transfer,intermembrane lipid transfer,regulation of relaxation of cardiac muscle,7,5,1.35e-08,GO:0120010,GO:0120009,biological_process
perillic acid-CoA ligase (AMP-forming) activity,CoA-ligase activity,positive regulation of hair follicle maturation,7,5,0.0,GO:0052686,GO:0016405,molecular_function
negative regulation of protein localization to ciliary membrane,negative regulation of protein localization to cilium,protein localization to synapse,7,5,6.17e-05,GO:1903568,GO:1903565,biological_process
regulation of meiosis I spindle assembly checkpoint,regulation of meiosis I,regulation of fatty acid metabolic process,7,5,2.4e-05,GO:1905325,GO:0060631,biological_process
exon-exon junction complex disassembly,protein-containing complex disassembly,positive regulation of amino acid transport,7,5,1.77e-07,GO:1903259,GO:0032984,biological_process
regulation of aflatoxin biosynthetic process,regulation of small molecule metabolic process,symbiont-mediated suppression of host synaptic transmission,7,5,2.4e-05,GO:1900177,GO:0062012,biological_process
putrescine biosynthetic process,polyamine biosynthetic process,regulation of timing of catagen,8,5,2.57e-08,GO:0009446,GO:0006596,biological_process
serine C-palmitoyltransferase activity,C-palmitoyltransferase activity,regulation of catabolic process,8,5,4.37e-07,GO:0004758,GO:0016454,molecular_function
"snoRNA 2,2,7-trimethylguanosine (TMG) capping",sno(s)RNA processing,regulation of lipoprotein transport,7,5,1.7e-08,GO:0180031,GO:0043144,biological_process
regulation of neutrophil mediated killing of gram-positive bacterium,regulation of neutrophil mediated killing of bacterium,positive regulation of relaxation of muscle,7,5,2.4e-05,GO:0070952,GO:0070950,biological_process
negative regulation of axonogenesis,negative regulation of neurogenesis,response to high light intensity,7,5,6.17e-05,GO:0050771,GO:0050768,biological_process
antifungal peptide secretion,antimicrobial peptide secretion,L-amino acid biosynthetic process,8,5,3.24e-07,GO:0002782,GO:0002776,biological_process
positive regulation of Schwann cell proliferation,regulation of Schwann cell proliferation,apoptotic process involved in morphogenesis,8,5,9.77e-05,GO:0010625,GO:0010624,biological_process
glycyrrhizinate beta-glucuronidase activity,glucuronidase activity,protein-containing complex assembly,7,5,0.0,GO:0047967,GO:0046574,molecular_function
positive regulation of metanephric DCT cell differentiation,positive regulation of cell differentiation,regulation of peripheral T cell tolerance induction,7,5,9.77e-05,GO:2000594,GO:0045597,biological_process
negative regulation of endothelial cell chemotaxis,negative regulation of endothelial cell migration,regulation of response to endoplasmic reticulum stress,7,5,6.17e-05,GO:2001027,GO:0010596,biological_process
positive regulation of proteolysis associated with antigen processing and presentation,positive regulation of protein catabolic process,organelle disassembly,8,5,9.77e-05,GO:0002630,GO:0045732,biological_process
symbiont-mediated suppression of host ethylene-mediated defense response,symbiont-mediated modulation of host ethylene-mediated defense response,positive regulation of nervous system process,7,5,1.16e-07,GO:0052005,GO:0052084,biological_process
positive regulation of early endosome to late endosome transport,positive regulation of intracellular transport,negative regulation of endothelial cell migration,7,5,9.77e-05,GO:2000643,GO:0032388,biological_process
thymidine kinase activity,deoxynucleoside kinase activity,regulation of defense response to insect,8,5,9.55e-08,GO:0004797,GO:0019136,molecular_function
protein O-linked glycosylation via mannose,protein O-linked glycosylation,pyrimidine ribonucleoside diphosphate biosynthetic process,8,5,3.39e-05,GO:0035269,GO:0006493,biological_process
(-)-exo-alpha-bergamotene biosynthetic process,olefin biosynthetic process,regulation of ephrin receptor signaling pathway,7,5,0.0,GO:1901940,GO:1900674,biological_process
protein localization to ciliary transition zone,protein localization to cilium,regulation of small molecule metabolic process,7,5,3.39e-05,GO:1904491,GO:0061512,biological_process
negative regulation of defense response to insect,regulation of defense response to insect,negative regulation of cell population proliferation,7,5,6.17e-05,GO:1900366,GO:2000068,biological_process
"membrane reorganization involved in phagocytosis, engulfment",plasma membrane organization,acidic amino acid transport,7,5,6.61e-06,GO:0060098,GO:0007009,biological_process
outer dynein arm assembly,axonemal dynein complex assembly,negative regulation of cardiocyte differentiation,8,5,1.78e-05,GO:0036158,GO:0070286,biological_process
cyclodextrin catabolic process,dextrin catabolic process,regulation of skeletal muscle contraction by regulation of release of sequestered calcium ion,7,5,4.9e-08,GO:2000901,GO:1901027,biological_process
regulation of endoplasmic reticulum unfolded protein response,regulation of response to endoplasmic reticulum stress,negative regulation of signal transduction,7,5,2.4e-05,GO:1900101,GO:1905897,biological_process
fatty alcohol catabolic process,alcohol catabolic process,regulation of iron-sulfur cluster assembly,7,5,6.31e-06,GO:1903174,GO:0046164,biological_process
negative regulation of cytoplasmic mRNA processing body assembly,regulation of cytoplasmic mRNA processing body assembly,pyrimidine ribonucleoside diphosphate biosynthetic process,8,5,6.17e-05,GO:0010607,GO:0010603,biological_process
positive regulation of relaxation of cardiac muscle,positive regulation of relaxation of muscle,regulation of microtubule cytoskeleton organization,7,5,9.77e-05,GO:1901899,GO:1901079,biological_process
response to meiotic spindle assembly checkpoint signaling,response to spindle assembly checkpoint signaling,aminoglycoside antibiotic biosynthetic process,7,5,0.000107,GO:0072464,GO:0072485,biological_process
short-chain fatty acyl-CoA oxidase activity,acyl-CoA oxidase activity,positive regulation of relaxation of muscle,7,5,3.69e-05,GO:0120522,GO:0003997,molecular_function
cellular response to blue light,cellular response to light stimulus,protein acylation,7,5,7.76e-06,GO:0071483,GO:0071482,biological_process
regulation of bile acid biosynthetic process,regulation of steroid biosynthetic process,apoptotic process involved in morphogenesis,7,5,2.4e-05,GO:0070857,GO:0050810,biological_process
mannose transmembrane transporter activity,hexose transmembrane transporter activity,RNA biosynthetic process,8,5,1.38e-07,GO:0015578,GO:0015149,molecular_function
stachyose biosynthetic process,raffinose family oligosaccharide biosynthetic process,regulation of amino acid import across plasma membrane,8,5,0.0,GO:0033532,GO:0010325,biological_process
cellular response to corticosterone stimulus,cellular response to alcohol,myosin tail binding,7,5,7.76e-06,GO:0071386,GO:0097306,biological_process
histone H3K56ac reader activity,histone H3 reader activity,peptide hormone secretion,7,5,5.13e-07,GO:0140129,GO:0140006,molecular_function
regulation of nucleus organization,regulation of organelle organization,protein deacylation,7,5,2.4e-05,GO:1903353,GO:0033043,biological_process
regulation of apoptosis involved in tissue homeostasis,regulation of apoptotic process,regulation of peripheral T cell tolerance induction,7,5,2.4e-05,GO:0060785,GO:0042981,biological_process
regulation of angiotensin-activated signaling pathway,regulation of G protein-coupled receptor signaling pathway,cellular response to aldehyde,7,5,2.4e-05,GO:0110061,GO:0008277,biological_process
positive regulation of detection of mechanical stimulus involved in sensory perception of touch,positive regulation of nervous system process,positive regulation of protein-containing complex assembly,7,5,9.77e-05,GO:1905789,GO:0031646,biological_process
acetyl-CoA C-acetyltransferase activity,acetyl-CoA C-acyltransferase activity,regulation of myeloid cell apoptotic process,8,5,3.78e-07,GO:0003985,GO:0003988,molecular_function
gentamycin biosynthetic process,aminoglycoside antibiotic biosynthetic process,RNA exonuclease activity,7,5,1.51e-08,GO:1901130,GO:0030648,biological_process
fatty acid omega-oxidation,fatty acid oxidation,succinate metabolic process,8,5,6.31e-06,GO:0010430,GO:0019395,biological_process
regulation of phosphorelay signal transduction system,regulation of intracellular signal transduction,de novo centriole assembly,7,5,2.4e-05,GO:0070297,GO:1902531,biological_process
negative regulation of B cell receptor signaling pathway,regulation of B cell receptor signaling pathway,serine family amino acid biosynthetic process,7,5,6.17e-05,GO:0050859,GO:0050855,biological_process
sensory perception of wind,sensory perception of mechanical stimulus,positive regulation of supramolecular fiber organization,7,5,4.79e-06,GO:0071063,GO:0050954,biological_process
protein octanoylation,protein acylation,regulation of renal system process,8,5,3.39e-05,GO:0018190,GO:0043543,biological_process
negative regulation of endocardial cushion cell differentiation,negative regulation of cardiocyte differentiation,SAGA-type complex,7,5,6.17e-05,GO:0120076,GO:1905208,biological_process
heme import across plasma membrane,iron ion import across plasma membrane,positive regulation of gene expression,7,5,2.95e-07,GO:1904334,GO:0098711,biological_process
protein storage vacuole,storage vacuole,nuclear body,8,5,3.39e-05,GO:0000326,GO:0000322,cellular_component
regulation of L-leucine import across plasma membrane,regulation of amino acid import across plasma membrane,regulation of steroid biosynthetic process,7,5,2.4e-05,GO:1905532,GO:0010958,biological_process
regulation of tetrapyrrole biosynthetic process,regulation of biosynthetic process,amino-acid racemase activity,7,5,2.4e-05,GO:1901463,GO:0009889,biological_process
positive regulation of D-aspartate import across plasma membrane,positive regulation of amino acid transport,carboxylic acid metabolic process,7,5,9.77e-05,GO:0140217,GO:0051957,biological_process
UDP biosynthetic process,pyrimidine ribonucleoside diphosphate biosynthetic process,negative regulation of metabolic process,8,5,5.62e-07,GO:0006225,GO:0009194,biological_process
negative regulation of epidermal growth factor receptor signaling pathway,regulation of epidermal growth factor receptor signaling pathway,protein localization to nucleus,8,5,6.17e-05,GO:0042059,GO:0042058,biological_process
negative regulation of endothelin production,regulation of endothelin production,negative regulation of biosynthetic process,7,5,6.17e-05,GO:1904471,GO:1904470,biological_process
Golgi ribbon formation,Golgi organization,regulation of amino acid import across plasma membrane,7,5,2.88e-07,GO:0090161,GO:0007030,biological_process
regulation of mitotic actomyosin contractile ring assembly,"regulation of cytokinesis, actomyosin contractile ring assembly",regulation of Schwann cell proliferation,7,5,2.4e-05,GO:1903499,GO:2000431,biological_process
negative regulation of defense response to insect,negative regulation of response to biotic stimulus,regulation of endothelin production,7,5,6.17e-05,GO:1900366,GO:0002832,biological_process
dGDP biosynthetic process,purine deoxyribonucleoside diphosphate biosynthetic process,protein localization to synapse,8,5,0.0,GO:0006185,GO:0009183,biological_process
symbiont-mediated suppression of host cholinergic synaptic transmission,symbiont-mediated suppression of host synaptic transmission,mammary gland epithelial cell differentiation,8,5,1.16e-07,GO:0044761,GO:0044759,biological_process
gamma-aminobutyric acid reuptake,amino acid neurotransmitter reuptake,regulation of Wnt signaling pathway,7,5,8.37e-08,GO:0051936,GO:0051933,biological_process
negative regulation of protection from non-homologous end joining at telomere,regulation of protection from non-homologous end joining at telomere,regulation of Wnt signaling pathway,7,5,6.17e-05,GO:1905765,GO:1905764,biological_process
negative regulation of transforming growth factor beta receptor signaling pathway,negative regulation of transmembrane receptor protein serine/threonine kinase signaling pathway,proximal tubule development,8,5,6.17e-05,GO:0030512,GO:0090101,biological_process
regulation of epithelial cell proliferation involved in prostate gland development,regulation of epithelial cell proliferation,hexose biosynthetic process,7,5,2.4e-05,GO:0060768,GO:0050678,biological_process
mesenchymal cell apoptotic process involved in metanephros development,apoptotic process involved in development,O-acyltransferase activity,7,5,3.09e-07,GO:1900200,GO:1902742,biological_process
regulation of renal amino acid absorption,regulation of renal system process,regulation of Schwann cell proliferation,7,5,2.4e-05,GO:1902752,GO:0098801,biological_process
D-allose biosynthetic process,hexose biosynthetic process,positive regulation of dipeptide transport,8,5,0.0,GO:0019315,GO:0019319,biological_process
regulation of T cell tolerance induction to tumor cell,regulation of peripheral T cell tolerance induction,negative regulation of protein localization to cilium,8,5,2.4e-05,GO:0002846,GO:0002849,biological_process
compound eye development,eye development,deoxynucleoside kinase activity,7,5,1.51e-05,GO:0048749,GO:0001654,biological_process
positive regulation of intracellular steroid hormone receptor signaling pathway,regulation of intracellular steroid hormone receptor signaling pathway,negative regulation of microtubule depolymerization,8,5,9.77e-05,GO:0033145,GO:0033143,biological_process
protein localization to postsynapse,protein localization to synapse,regulation of defense response to insect,7,5,3.39e-05,GO:0062237,GO:0035418,biological_process
positive regulation of intraciliary anterograde transport,positive regulation of organelle organization,positive regulation of hair follicle maturation,7,5,9.77e-05,GO:1905798,GO:0010638,biological_process
protein depalmitoylation,protein deacylation,positive regulation of dipeptide transport,8,5,3.39e-05,GO:0002084,GO:0035601,biological_process
negative regulation of smooth muscle tissue development,regulation of smooth muscle tissue development,negative regulation of protein localization to cilium,7,5,6.17e-05,GO:1905900,GO:1905899,biological_process
histone H3K79 dimethyltransferase activity,histone H3K79 methyltransferase activity,raffinose family oligosaccharide biosynthetic process,7,5,5.13e-07,GO:0120506,GO:0031151,molecular_function
regulation of hydrogen peroxide biosynthetic process,regulation of reactive oxygen species biosynthetic process,plasma membrane organization,8,5,2.4e-05,GO:0010728,GO:1903426,biological_process
nucleoside triphosphate diphosphatase activity,pyrophosphatase activity,sodium ion transmembrane transporter activity,7,5,1.74e-07,GO:0047429,GO:0016462,molecular_function
N-terminal peptidyl-glycine methylation,N-terminal protein amino acid methylation,protein dehydration,8,5,1.78e-05,GO:0018013,GO:0006480,biological_process
regulation of toluene catabolic process,regulation of catabolic process,raffinose family oligosaccharide biosynthetic process,7,5,2.4e-05,GO:1901434,GO:0009894,biological_process
peptidyl-tyrosine dehydrogenation,protein dehydration,protein localization to nucleus,8,5,2.84e-08,GO:0018251,GO:0018249,biological_process
regulation of polysaccharide biosynthetic process,regulation of macromolecule biosynthetic process,regulation of myeloid cell apoptotic process,8,5,2.4e-05,GO:0032885,GO:0010556,biological_process
cellular response to 11-deoxycorticosterone,response to 11-deoxycorticosterone,regulation of intracellular steroid hormone receptor signaling pathway,7,5,7.76e-06,GO:1903497,GO:1903496,biological_process
epithelial cell differentiation involved in mammary gland alveolus development,mammary gland epithelial cell differentiation,iron ion import across plasma membrane,7,5,1.15e-06,GO:0061030,GO:0060644,biological_process
cellular response to aldosterone,cellular response to aldehyde,negative regulation of biosynthetic process,7,5,7.76e-06,GO:1904045,GO:0110096,biological_process
phosphocholine phosphatase activity,phosphatase activity,regulation of intracellular signal transduction,7,5,1.38e-08,GO:0052731,GO:0016791,molecular_function
negative regulation melanotic encapsulation of foreign target,negative regulation of melanization defense response,regulation of response to type II interferon,7,5,6.17e-05,GO:0140540,GO:0035009,biological_process
protein localization to nucleolus,protein localization to nucleus,neuropeptide Y receptor binding,7,5,3.39e-05,GO:1902570,GO:0034504,biological_process
regulation of hematopoietic stem cell differentiation,regulation of hematopoietic progenitor cell differentiation,SAGA-type complex,7,5,2.4e-05,GO:1902036,GO:1901532,biological_process
retinol O-fatty-acyltransferase activity,O-acyltransferase activity,cellular response to light stimulus,7,5,2.95e-07,GO:0050252,GO:0008374,molecular_function
negative regulation of ephrin receptor signaling pathway,negative regulation of signal transduction,substrate-independent telencephalic tangential migration,7,5,6.17e-05,GO:1901188,GO:0009968,biological_process
positive regulation of intraciliary retrograde transport,positive regulation of intracellular transport,regulation of isotype switching to IgE isotypes,7,5,9.77e-05,GO:1905801,GO:0032388,biological_process
myosin I tail binding,myosin tail binding,carboxylic acid metabolic process,8,5,2.34e-07,GO:0032032,GO:0032029,molecular_function
biofilm matrix assembly,biofilm matrix organization,regulation of cytokine-mediated signaling pathway,7,5,2.95e-07,GO:0098785,GO:0098784,biological_process
positive regulation of odontogenesis of dentin-containing tooth,positive regulation of odontogenesis,positive regulation of cell differentiation,8,5,9.77e-05,GO:0042488,GO:0042482,biological_process
regulation of glucose catabolic process to lactate via pyruvate,regulation of small molecule metabolic process,axonemal dynein complex assembly,7,5,2.4e-05,GO:1904023,GO:0062012,biological_process
positive regulation of microtubule polymerization,positive regulation of supramolecular fiber organization,regulation of cytokine-mediated signaling pathway,8,5,9.77e-05,GO:0031116,GO:1902905,biological_process
negative regulation of axonemal microtubule depolymerization,negative regulation of microtubule depolymerization,negative regulation of pigment cell differentiation,8,5,6.17e-05,GO:0007027,GO:0007026,biological_process
response to high fluence blue light stimulus by blue high-fluence system,response to high light intensity,regulation of isotype switching to IgA isotypes,7,5,0.000107,GO:0055121,GO:0009644,biological_process
5'-hydroxyl dinucleotide hydrolase activity,RNA exonuclease activity,alcohol catabolic process,7,5,4.89e-07,GO:0140432,GO:0004532,molecular_function
cleavage body,nuclear body,positive regulation of intracellular signal transduction,7,5,2.51e-06,GO:0071920,GO:0016604,cellular_component
regulation of glial cell migration,regulation of cell migration,purine deoxyribonucleoside diphosphate biosynthetic process,7,5,2.4e-05,GO:1903975,GO:0030334,biological_process
L-glutamate import,acidic amino acid transport,regulation of neutrophil mediated killing of bacterium,7,5,7.55e-07,GO:0051938,GO:0015800,biological_process
regulation of transcription from RNA polymerase II promoter by galactose,regulation of transcription by galactose,serine family amino acid biosynthetic process,8,5,2.4e-05,GO:0000431,GO:0000409,biological_process
regulation of type I interferon-mediated signaling pathway,regulation of cytokine-mediated signaling pathway,neuropeptide Y receptor binding,7,5,2.4e-05,GO:0060338,GO:0001959,biological_process
disseminated nephrocyte differentiation,nephrocyte differentiation,regulation of Schwann cell proliferation,7,5,1e-06,GO:0061322,GO:0061319,biological_process
negative regulation of retrograde axon cargo transport,regulation of retrograde axon cargo transport,acetyl-CoA C-acyltransferase activity,7,5,6.17e-05,GO:2001018,GO:2001017,biological_process
positive regulation of venous endothelial cell fate commitment,positive regulation of blood vessel endothelial cell differentiation,regulation of iron-sulfur cluster assembly,7,5,9.77e-05,GO:2000789,GO:0110058,biological_process
cellular response to differentiation-inducing factor 1,cellular response to ketone,regulation of cell fate specification,7,5,7.76e-06,GO:1903014,GO:1901655,biological_process
positive regulation of protein oligomerization,positive regulation of protein-containing complex assembly,regulation of intracellular steroid hormone receptor signaling pathway,8,5,9.77e-05,GO:0032461,GO:0031334,biological_process
regulation of iron-sulfur-molybdenum cofactor assembly,regulation of iron-sulfur cluster assembly,C-palmitoyltransferase activity,7,5,2.4e-05,GO:1900506,GO:1903329,biological_process
regulation of neural crest cell fate specification,regulation of cell fate specification,protein localization to nucleus,7,5,2.4e-05,GO:1905295,GO:0042659,biological_process
negative regulation of chondrocyte proliferation,negative regulation of cell population proliferation,plasma membrane organization,7,5,6.17e-05,GO:1902731,GO:0008285,biological_process
metanephric proximal tubule development,proximal tubule development,positive regulation of nervous system process,7,5,0.0,GO:0072237,GO:0072014,biological_process
"protein localization to chromosome, centromeric region",protein localization to chromosome,UDP-alpha-D-glucose metabolic process,7,5,3.39e-05,GO:0071459,GO:0034502,biological_process
regulation of Atg1/ULK1 kinase complex assembly,regulation of protein-containing complex assembly,alcohol catabolic process,7,5,2.4e-05,GO:1905864,GO:0043254,biological_process
negative regulation of L-arginine import across plasma membrane,negative regulation of transmembrane transport,extracellularly glutamate-gated ion channel activity,7,5,6.17e-05,GO:1905542,GO:0034763,biological_process
xanthine DNA N-glycosylase activity,deaminated base DNA N-glycosylase activity,protein dehydration,7,5,6.03e-08,GO:0097508,GO:0097506,molecular_function
mesenchymal cell apoptotic process involved in nephron morphogenesis,apoptotic process involved in morphogenesis,substrate-independent telencephalic tangential migration,7,5,3.09e-07,GO:1901145,GO:0060561,biological_process
Golgi-associated vesicle lumen,cytoplasmic vesicle lumen,regulation of iron ion transmembrane transport,7,5,2.87e-07,GO:0070931,GO:0060205,cellular_component
regulation of fatty acid biosynthetic process,regulation of fatty acid metabolic process,protein O-linked glycosylation,8,5,2.4e-05,GO:0042304,GO:0019217,biological_process
regulation of collateral sprouting in absence of injury,regulation of collateral sprouting,positive regulation of nervous system process,7,5,2.4e-05,GO:0048696,GO:0048670,biological_process
"positive regulation of cytokinesis, actomyosin contractile ring assembly",positive regulation of cytokinesis,regulation of iron-sulfur cluster assembly,7,5,9.77e-05,GO:2000433,GO:0032467,biological_process
"slow, calcium ion-dependent exocytosis of neurotransmitter",calcium ion-regulated exocytosis of neurotransmitter,antimicrobial peptide secretion,7,5,7.08e-05,GO:0098747,GO:0048791,biological_process
negative regulation of isotype switching to IgA isotypes,regulation of isotype switching to IgA isotypes,regulation of response to endoplasmic reticulum stress,7,5,6.17e-05,GO:0048297,GO:0048296,biological_process
negative regulation of lipoprotein transport,regulation of lipoprotein transport,regulation of endothelin production,7,5,6.17e-05,GO:0140076,GO:0140075,biological_process
calcium:sodium antiporter activity,sodium ion transmembrane transporter activity,regulation of amino acid import across plasma membrane,8,5,0.0,GO:0005432,GO:0015081,molecular_function
regulation of thiamine biosynthetic process,regulation of alcohol biosynthetic process,regulation of skeletal muscle contraction by regulation of release of sequestered calcium ion,7,5,2.4e-05,GO:0070623,GO:1902930,biological_process
positive regulation of sphingolipid mediated signaling pathway,regulation of sphingolipid mediated signaling pathway,negative regulation of cell killing,7,5,9.77e-05,GO:1902070,GO:1902068,biological_process
de novo centriole assembly involved in multi-ciliated epithelial cell differentiation,de novo centriole assembly,positive regulation of protein-containing complex assembly,7,5,0.00017,GO:0098535,GO:0097742,biological_process
vesicle scission,membrane fission,symbiont-mediated suppression of host synaptic transmission,7,5,2.63e-07,GO:0099050,GO:0090148,biological_process
saturated monocarboxylic acid metabolic process,carboxylic acid metabolic process,negative regulation of biosynthetic process,8,5,4.57e-06,GO:0032788,GO:0019752,biological_process
cellular response to dopamine,cellular response to catecholamine stimulus,raffinose family oligosaccharide biosynthetic process,7,5,7.76e-06,GO:1903351,GO:0071870,biological_process
aldose reductase (NADPH) activity,alcohol dehydrogenase (NADP+) activity,eye development,8,5,2.29e-08,GO:0004032,GO:0008106,molecular_function
substrate-independent telencephalic tangential interneuron migration,substrate-independent telencephalic tangential migration,plasma membrane organization,8,5,4.15e-06,GO:0021843,GO:0021826,biological_process
negative regulation of complement-dependent cytotoxicity,negative regulation of cell killing,negative regulation of transmembrane receptor protein serine/threonine kinase signaling pathway,7,5,6.17e-05,GO:1903660,GO:0031342,biological_process
regulation of L-proline catabolic process,regulation of catabolic process,positive regulation of hair follicle maturation,7,5,2.4e-05,GO:2001156,GO:0009894,biological_process
cellular response to alkyl hydroperoxide,cellular response to hydroperoxide,cytoplasmic vesicle lumen,7,5,7.76e-06,GO:0071448,GO:0071447,biological_process
distal stomach smooth muscle contraction,stomach smooth muscle contraction,positive regulation of protein-containing complex assembly,8,5,1.86e-06,GO:0014828,GO:0120063,biological_process
regulation of maltopentaose transport,regulation of pentasaccharide transport,peptidyl-threonine modification,7,5,2.4e-05,GO:1900315,GO:1900360,biological_process
positive regulation of skeletal muscle contraction by regulation of release of sequestered calcium ion,regulation of skeletal muscle contraction by regulation of release of sequestered calcium ion,regulation of peripheral B cell deletion,8,5,9.77e-05,GO:0014810,GO:0014809,biological_process
chaperone-mediated autophagy translocation complex assembly,protein-containing complex assembly,positive regulation of organelle organization,7,5,4.79e-07,GO:1904763,GO:0065003,biological_process
positive regulation of ephrin receptor signaling pathway,regulation of ephrin receptor signaling pathway,symbiont-mediated suppression of host synaptic transmission,7,5,9.77e-05,GO:1901189,GO:1901187,biological_process
desmosome maintenance,cell-cell junction maintenance,cellular response to alcohol,8,5,0.0,GO:0002160,GO:0045217,biological_process
positive regulation of TOR signaling,positive regulation of intracellular signal transduction,C-palmitoyltransferase activity,8,5,9.77e-05,GO:0032008,GO:1902533,biological_process
mitochondrial polycistronic RNA processing,mitochondrial RNA processing,C-palmitoyltransferase activity,7,5,1.86e-06,GO:0140040,GO:0000963,biological_process
negative regulation of transforming growth factor beta2 production,negative regulation of transforming growth factor beta production,"regulation of cytokinesis, actomyosin contractile ring assembly",8,5,6.17e-05,GO:0032912,GO:0071635,biological_process
pyruvate family amino acid biosynthetic process,L-amino acid biosynthetic process,regulation of epithelial cell proliferation,8,5,2.95e-07,GO:0009079,GO:0170034,biological_process
negative regulation of cell septum assembly,negative regulation of cellular component organization,positive regulation of hair follicle maturation,7,5,6.17e-05,GO:1901892,GO:0051129,biological_process
positive regulation of synapse structural plasticity,regulation of synapse structural plasticity,nephrocyte differentiation,7,5,9.77e-05,GO:0051835,GO:0051823,biological_process
mating pheromone secretion,peptide hormone secretion,regulation of Wnt signaling pathway,7,5,3.16e-06,GO:0071834,GO:0030072,biological_process
U2 snRNA (adenine-N6)-methyltransferase activity,snRNA methyltransferase activity,positive regulation of intracellular signal transduction,7,5,2.19e-06,GO:0106348,GO:0106346,molecular_function
tRNA transcription,DNA-templated transcription,snRNA methyltransferase activity,8,5,3.39e-07,GO:0009304,GO:0006351,biological_process
cellular response to luteinizing hormone stimulus,response to luteinizing hormone,regulation of isotype switching to IgA isotypes,7,5,7.76e-06,GO:0071373,GO:0034699,biological_process
cytoplasmic alanyl-tRNA aminoacylation,alanyl-tRNA aminoacylation,negative regulation of calcium ion transport,10,6,5.25e-07,GO:1990762,GO:0006419,biological_process
positive regulation of pentadecane biosynthetic process,positive regulation of alkane biosynthetic process,regulation of non-canonical Wnt signaling pathway,9,6,9.77e-05,GO:1900889,GO:1901579,biological_process
phosphatidylethanolamine lysophospholipase A1 activity,lysophospholipase A1 activity,ligand-gated monoatomic cation channel activity,8,6,2.14e-08,GO:0120559,GO:0120558,molecular_function
negative regulation of acinar cell proliferation,negative regulation of epithelial cell proliferation,regulation of o-orsellinic acid biosynthetic process,8,6,6.17e-05,GO:1904698,GO:0050680,biological_process
negative regulation of androgen biosynthetic process,negative regulation of hormone biosynthetic process,regulation of transcription by RNA polymerase II,8,6,6.17e-05,GO:2000180,GO:0032353,biological_process
purine deoxyribonucleoside triphosphate catabolic process,purine nucleoside triphosphate catabolic process,regulation of mitochondrial translational elongation,9,6,1.51e-07,GO:0009217,GO:0009146,biological_process
GMP salvage,purine ribonucleotide salvage,regulation of RNA biosynthetic process,9,6,7.24e-07,GO:0032263,GO:0106380,biological_process
RNA guanosine-cytidine insertion,RNA dinucleotide insertion,negative regulation of TOR signaling,9,6,4.79e-06,GO:0070713,GO:0070707,biological_process
active sex chromosome,sex chromosome,purine ribonucleotide salvage,8,6,8.51e-05,GO:0098579,GO:0000803,cellular_component
exocytic vesicle,secretory vesicle,positive regulation of macroautophagy,9,6,0.0,GO:0070382,GO:0099503,cellular_component
ERBB3-ERBB4 signaling pathway,ERBB4 signaling pathway,central nervous system projection neuron axonogenesis,9,6,0.0,GO:0038136,GO:0038130,biological_process
positive regulation of protein deubiquitination,positive regulation of protein modification by small protein conjugation or removal,symbiont-mediated suppression of host signal transduction pathway,12,6,9.77e-05,GO:1903003,GO:1903322,biological_process
negative regulation of MAP kinase activity,regulation of MAP kinase activity,regulation of octopamine signaling pathway,9,6,6.17e-05,GO:0043407,GO:0043405,biological_process
"phosphatidylinositol-3,5-bisphosphate 5-phosphatase activity",phosphatidylinositol phosphate 5-phosphatase activity,2'-deoxyribonucleoside biosynthetic process,9,6,2.36e-08,GO:0043813,GO:0034595,molecular_function
positive regulation of hydrogen peroxide catabolic process,regulation of hydrogen peroxide catabolic process,(1->4)-alpha-glucan metabolic process,8,6,9.77e-05,GO:1903285,GO:2000295,biological_process
negative regulation of small GTPase mediated signal transduction,regulation of small GTPase mediated signal transduction,regulation of MAP kinase activity,8,6,6.17e-05,GO:0051058,GO:0051056,biological_process
"guanine deglycation, glyoxal removal",guanine deglycation,negative regulation of translational elongation,8,6,2e-07,GO:0106046,GO:0106044,biological_process
"synaptic transmission, cholinergic",chemical synaptic transmission,negative regulation of epithelial cell proliferation,9,6,1.05e-06,GO:0007271,GO:0007268,biological_process
stomach body smooth muscle contraction,distal stomach smooth muscle contraction,"regulation of cytokinesis, site selection",9,6,2.63e-05,GO:0014845,GO:0014828,biological_process
positive regulation of piRNA transcription,positive regulation of DNA-templated transcription,trisaccharide transport,11,6,9.77e-05,GO:0140543,GO:0045893,biological_process
gracilis tract morphogenesis,central nervous system projection neuron axonogenesis,mitochondrial RNA catabolic process,10,6,1.91e-07,GO:0021958,GO:0021952,biological_process
intracellularly ATP-gated ion channel activity,intracellularly ligand-gated monoatomic ion channel activity,intestinal epithelial cell differentiation,8,6,3.55e-08,GO:0099142,GO:0005217,molecular_function
positive regulation of pyrimidine nucleotide biosynthetic process,regulation of pyrimidine nucleotide biosynthetic process,regulation of transcription by RNA polymerase II,9,6,9.77e-05,GO:1900399,GO:1900397,biological_process
positive regulation of flocculation,positive regulation of cell-cell adhesion,symbiont-mediated suppression of host JAK-STAT cascade via inhibition of STAT activity,8,6,9.77e-05,GO:1900735,GO:0022409,biological_process
protein localization to spindle microtubule,protein localization to microtubule,regulation of mannan catabolic process,9,6,3.39e-05,GO:1902889,GO:0035372,biological_process
17-O-deacetylvindoline O-acetyltransferase activity,O-acetyltransferase activity,ligand-gated monoatomic cation channel activity,8,6,0.0,GO:0047162,GO:0016413,molecular_function
cellular response to sucrose stimulus,cellular response to disaccharide stimulus,negative regulation of cytokine-mediated signaling pathway,8,6,7.76e-06,GO:0071329,GO:0071324,biological_process
peptidyl-serine trans-autophosphorylation,protein trans-autophosphorylation,benzyl isoquinoline alkaloid biosynthetic process,10,6,2.76e-08,GO:1990579,GO:0036290,biological_process
positive regulation of keratinocyte apoptotic process,regulation of keratinocyte apoptotic process,dimeric IgA immunoglobulin complex,9,6,9.77e-05,GO:1902174,GO:1902172,biological_process
negative regulation of epithelial cell differentiation involved in kidney development,negative regulation of epithelial cell differentiation,response to glucose,8,6,6.17e-05,GO:2000697,GO:0030857,biological_process
symbiont-mediated suppression of host pathogen-associated molecular pattern receptor signaling pathway,symbiont-mediated suppression of host signal transduction pathway,regulation of octopamine signaling pathway,8,6,1.16e-07,GO:0052078,GO:0052029,biological_process
positive regulation of RNA metabolic process,positive regulation of macromolecule metabolic process,regulation of small GTPase mediated signal transduction,8,6,9.77e-05,GO:0051254,GO:0010604,biological_process
detection of glucose,response to glucose,positive regulation of protein modification by small protein conjugation or removal,8,6,1.15e-05,GO:0051594,GO:0009749,biological_process
negative regulation of maintenance of sister chromatid cohesion,regulation of maintenance of sister chromatid cohesion,regulation of antisense RNA transcription,9,6,6.17e-05,GO:0034092,GO:0034091,biological_process
negative regulation of 18-methylnonadec-1-ene biosynthetic process,regulation of 18-methylnonadec-1-ene biosynthetic process,positive regulation of secondary metabolite biosynthetic process,9,6,6.17e-05,GO:1900951,GO:1900950,biological_process
nuclear mRNA surveillance of spliceosomal pre-mRNA splicing,nuclear mRNA surveillance,tRNA aminoacylation for protein translation,11,6,5.37e-05,GO:0071030,GO:0071028,biological_process
negative regulation of quinolinate biosynthetic process,negative regulation of biosynthetic process,regulation of myeloid cell apoptotic process,8,6,6.17e-05,GO:1904985,GO:0009890,biological_process
positive regulation of mannan catabolic process,regulation of mannan catabolic process,benzyl isoquinoline alkaloid biosynthetic process,9,6,9.77e-05,GO:2000996,GO:2000994,biological_process
coreceptor-mediated virion attachment to host cell,virion attachment to host cell,negative regulation of cytokine-mediated signaling pathway,8,6,1.23e-08,GO:0046814,GO:0019062,biological_process
regulation of cell wall (1->3)-alpha-glucan biosynthetic process,regulation of cell wall macromolecule metabolic process,mesonephric epithelium development,8,6,2.4e-05,GO:0070608,GO:0010981,biological_process
regulation of sodium ion import across plasma membrane,regulation of sodium ion transmembrane transport,regulation of emericellamide A biosynthetic process,9,6,2.4e-05,GO:1903782,GO:1902305,biological_process
mesonephric tubule morphogenesis,nephron tubule morphogenesis,regulation of maintenance of sister chromatid cohesion,8,6,1.17e-08,GO:0072171,GO:0072078,biological_process
negative regulation of phospholipid metabolic process,negative regulation of phosphate metabolic process,negative regulation of sodium ion transmembrane transport,8,6,6.17e-05,GO:1903726,GO:0045936,biological_process
metanephric glomerular mesangial cell differentiation,glomerular mesangial cell differentiation,regulation of arachidonate secretion,8,6,0.0,GO:0072254,GO:0072008,biological_process
CD4-positive gamma-delta intraepithelial T cell differentiation,gamma-delta intraepithelial T cell differentiation,regulation of emericellamide A biosynthetic process,9,6,5.46e-07,GO:0002306,GO:0002304,biological_process
negative regulation of TORC2 signaling,negative regulation of TOR signaling,regulation of gamma-delta T cell differentiation,9,6,6.17e-05,GO:1903940,GO:0032007,biological_process
peptidyl-N-phospho-arginine dephosphorylation,protein dephosphorylation,negative regulation of small molecule metabolic process,8,6,2.15e-08,GO:0098628,GO:0006470,biological_process
regulation of terminal button organization,regulation of presynapse organization,positive regulation of protein modification by small protein conjugation or removal,8,6,2.4e-05,GO:2000331,GO:0099174,biological_process
long-chain fatty aldehyde dehydrogenase (NAD+) activity,fatty aldehyde dehydrogenase (NAD+) activity,lysophospholipase A1 activity,9,6,4.18e-05,GO:0050061,GO:0102673,molecular_function
negative regulation of sister chromatid segregation,negative regulation of chromosome segregation,regulation of organelle transport along microtubule,9,6,6.17e-05,GO:0033046,GO:0051985,biological_process
negative regulation of leukocyte tethering or rolling,regulation of leukocyte tethering or rolling,regulation of F-9775A biosynthetic process,8,6,6.17e-05,GO:1903237,GO:1903236,biological_process
positive regulation of G1/S transition of mitotic cell cycle,positive regulation of mitotic cell cycle phase transition,negative regulation of epithelial cell differentiation,9,6,9.77e-05,GO:1900087,GO:1901992,biological_process
regulation of RNA biosynthetic process,regulation of macromolecule biosynthetic process,lysophospholipase A1 activity,8,6,2.4e-05,GO:2001141,GO:0010556,biological_process
"phosphatidylinositol-3,4-bisphosphate phosphatase activity",phosphatidylinositol bisphosphate phosphatase activity,regulation of L-dopa biosynthetic process,9,6,2.47e-08,GO:0106017,GO:0034593,molecular_function
positive regulation of RNA biosynthetic process,regulation of RNA biosynthetic process,fatty aldehyde dehydrogenase (NAD+) activity,9,6,9.77e-05,GO:1902680,GO:2001141,biological_process
sodium-independent prostaglandin transport,sodium-independent icosanoid transport,regulation of DNA-templated transcription initiation,8,6,6.82e-06,GO:0071720,GO:0071718,biological_process
positive regulation of chlorophyll catabolic process,regulation of chlorophyll catabolic process,negative regulation of calcium ion transport,9,6,9.77e-05,GO:1903648,GO:0010271,biological_process
tRNA C3-cytosine methylation,tRNA methylation,regulation of RNA biosynthetic process,8,6,3.39e-07,GO:0106217,GO:0030488,biological_process
regulation of androgen receptor signaling pathway,regulation of intracellular steroid hormone receptor signaling pathway,regulation of T-helper 1 type immune response,8,6,2.4e-05,GO:0060765,GO:0033143,biological_process
(S)-reticuline biosynthetic process,benzyl isoquinoline alkaloid biosynthetic process,icosanoid metabolic process,8,6,0.0,GO:1901012,GO:0009708,biological_process
positive regulation of lipophagy,positive regulation of macroautophagy,purine deoxyribonucleotide biosynthetic process,10,6,9.77e-05,GO:1904504,GO:0016239,biological_process
negative regulation of gamma-delta T cell differentiation,regulation of gamma-delta T cell differentiation,regulation of DNA-templated transcription initiation,10,6,6.17e-05,GO:0045587,GO:0045586,biological_process
positive regulation of glycogen metabolic process,positive regulation of macromolecule metabolic process,nephron tubule morphogenesis,8,6,9.77e-05,GO:0070875,GO:0010604,biological_process
positive regulation of nonadec-1-ene biosynthetic process,positive regulation of olefin biosynthetic process,DNA-templated transcription elongation,9,6,9.77e-05,GO:1900937,GO:1900913,biological_process
positive regulation of glucocorticoid secretion,positive regulation of corticosteroid hormone secretion,negative regulation of hormone biosynthetic process,8,6,9.77e-05,GO:2000851,GO:2000848,biological_process
positive regulation of pseudohyphal growth by positive regulation of transcription from RNA polymerase II promoter,positive regulation of pseudohyphal growth,DNA-templated transcription elongation,8,6,9.77e-05,GO:1900461,GO:2000222,biological_process
negative regulation of glucomannan catabolic process,negative regulation of catabolic process,post-transcriptional regulation of gene expression,8,6,6.17e-05,GO:2000907,GO:0009895,biological_process
"trans-synaptic signaling by carbon monoxide, modulating synaptic transmission","trans-synaptic signaling by soluble gas, modulating synaptic transmission",inositol phosphate phosphatase activity,9,6,1.01e-06,GO:0099556,GO:0099554,biological_process
"trans-synaptic signaling by neuropeptide, modulating synaptic transmission","trans-synaptic signaling, modulating synaptic transmission",DNA-templated transcription elongation,8,6,1.01e-06,GO:0099551,GO:0099550,biological_process
multivesicular body,late endosome,protein trans-autophosphorylation,10,6,1.23e-08,GO:0005771,GO:0005770,cellular_component
regulation of vesicle transport along microtubule,regulation of organelle transport along microtubule,sodium:proton antiporter activity,8,6,2.4e-05,GO:1901608,GO:1902513,biological_process
positive regulation of arachidonate secretion,regulation of arachidonate secretion,positive regulation of secondary metabolite biosynthetic process,8,6,9.77e-05,GO:0090238,GO:0090237,biological_process
wobble position guanine ribose methylation,wobble position ribose methylation,mesonephric epithelium development,10,6,1.05e-06,GO:0002129,GO:0002130,biological_process
post-transcriptional gene silencing,post-transcriptional regulation of gene expression,positive regulation of macromolecule metabolic process,10,6,6.01e-07,GO:0016441,GO:0010608,biological_process
positive regulation of midbrain dopaminergic neuron differentiation,positive regulation of dopaminergic neuron differentiation,positive regulation of cytokine-mediated signaling pathway,9,6,9.77e-05,GO:1904958,GO:1904340,biological_process
B axonemal microtubule,axonemal microtubule,regulation of glutamate receptor clustering,10,6,0.000224,GO:0097650,GO:0005879,cellular_component
"nuclear-transcribed mRNA catabolic process, 3'-5' exonucleolytic nonsense-mediated decay","nuclear-transcribed mRNA catabolic process, nonsense-mediated decay",distal stomach smooth muscle contraction,11,6,1.41e-06,GO:0070478,GO:0000184,biological_process
negative regulation of methane biosynthetic process from dimethylamine,negative regulation of amine metabolic process,chondroitin sulfotransferase activity,8,6,6.17e-05,GO:1900319,GO:0033239,biological_process
positive regulation of interleukin-27-mediated signaling pathway,positive regulation of cytokine-mediated signaling pathway,"nuclear-transcribed mRNA catabolic process, nonsense-mediated decay",8,6,9.77e-05,GO:0070109,GO:0001961,biological_process
negative regulation of antisense RNA transcription,regulation of antisense RNA transcription,regulation of 18-methylnonadec-1-ene biosynthetic process,11,6,6.17e-05,GO:0060195,GO:0060194,biological_process
secretory dimeric IgA immunoglobulin complex,dimeric IgA immunoglobulin complex,tRNA methylation,8,6,2.34e-07,GO:0071752,GO:0071750,cellular_component
icosanoid biosynthetic process,icosanoid metabolic process,trans-synaptic signaling by soluble gas,8,6,0.0,GO:0046456,GO:0006690,biological_process
chloroplast ribosome,plastid ribosome,regulation of myeloid cell apoptotic process,9,6,2.04e-07,GO:0043253,GO:0009547,cellular_component
positive regulation of hydrogen peroxide biosynthetic process,regulation of hydrogen peroxide biosynthetic process,positive regulation of macromolecule metabolic process,9,6,9.77e-05,GO:0010729,GO:0010728,biological_process
positive regulation of calcium import into the mitochondrion,positive regulation of calcium ion transmembrane transport,regulation of B cell chemotaxis,9,6,9.77e-05,GO:0110098,GO:1904427,biological_process
positive regulation of L-dopa biosynthetic process,regulation of L-dopa biosynthetic process,negative regulation of epithelial cell differentiation,8,6,9.77e-05,GO:1903197,GO:1903195,biological_process
purine deoxyribonucleoside diphosphate catabolic process,purine nucleoside diphosphate catabolic process,regulation of glutamate receptor clustering,9,6,1.51e-07,GO:0009184,GO:0009137,biological_process
positive regulation of cyclodextrin catabolic process,positive regulation of macromolecule metabolic process,RNA dinucleotide insertion,8,6,9.77e-05,GO:2000959,GO:0010604,biological_process
negative regulation of asperfuranone biosynthetic process,negative regulation of polyketide biosynthetic process,XMP biosynthetic process,9,6,6.17e-05,GO:1900638,GO:1900733,biological_process
methanol catabolic process,methanol metabolic process,negative regulation of lipid biosynthetic process,8,6,9.55e-07,GO:0046170,GO:0015945,biological_process
ERBB2-EGFR signaling pathway,ERBB2 signaling pathway,lysophospholipase A1 activity,9,6,1.91e-08,GO:0038134,GO:0038128,biological_process
trans-synaptic signaling by carbon monoxide,trans-synaptic signaling by soluble gas,regulation of dopamine metabolic process,8,6,1.01e-06,GO:0099549,GO:0099543,biological_process
"calmodulin-activated 3',5'-cyclic-AMP phosphodiesterase activity","3',5'-cyclic-AMP phosphodiesterase activity",regulation of maintenance of sister chromatid cohesion,10,6,9.9e-08,GO:0140761,GO:0004115,molecular_function
regulation of erythrocyte apoptotic process,regulation of myeloid cell apoptotic process,regulation of mechanoreceptor differentiation,8,6,2.4e-05,GO:1902250,GO:0033032,biological_process
regulation of histamine uptake,regulation of neurotransmitter uptake,negative regulation of secondary metabolite biosynthetic process,8,6,2.4e-05,GO:0051616,GO:0051580,biological_process
regulation of ribosomal protein gene transcription by RNA polymerase II,regulation of transcription by RNA polymerase II,negative regulation of catabolic process,11,6,2.4e-05,GO:0060962,GO:0006357,biological_process
ketogluconate catabolic process,aldonic acid catabolic process,DNA-templated transcription elongation,10,6,0.0,GO:0046181,GO:0046176,biological_process
positive regulation of octopamine signaling pathway,regulation of octopamine signaling pathway,regulation of AIM2 inflammasome complex assembly,9,6,9.77e-05,GO:2000130,GO:2000128,biological_process
positive regulation of dehydroaustinol biosynthetic process,positive regulation of secondary metabolite biosynthetic process,ERBB2 signaling pathway,9,6,9.77e-05,GO:1900651,GO:1900378,biological_process
mitotic spindle polar microtubule,mitotic spindle microtubule,mitochondrial RNA catabolic process,10,6,2.95e-07,GO:1990537,GO:1990498,cellular_component
positive regulation of mitochondrial translational elongation,regulation of mitochondrial translational elongation,positive regulation of secondary metabolite biosynthetic process,11,6,9.77e-05,GO:1905084,GO:1905082,biological_process
positive regulation of thiamine biosynthetic process,positive regulation of vitamin metabolic process,negative regulation of small molecule metabolic process,8,6,9.77e-05,GO:0090180,GO:0046136,biological_process
negative regulation of lipid catabolic process,regulation of lipid catabolic process,plasma membrane raft assembly,8,6,6.17e-05,GO:0050995,GO:0050994,biological_process
volume-sensitive chloride channel activity,chloride channel activity,positive regulation of catabolic process,8,6,1.92e-05,GO:0072320,GO:0005254,molecular_function
positive regulation of calcium ion transmembrane transport,positive regulation of calcium ion transport,axonemal microtubule,8,6,9.77e-05,GO:1904427,GO:0051928,biological_process
pH-gated calcium channel activity,pH-gated monoatomic ion channel activity,sex chromosome,8,6,1.44e-06,GO:0160126,GO:0160128,molecular_function
positive regulation of glycogen catabolic process,positive regulation of catabolic process,sodium:proton antiporter activity,8,6,9.77e-05,GO:0045819,GO:0009896,biological_process
negative regulation of glucose catabolic process to lactate via pyruvate,regulation of glucose catabolic process to lactate via pyruvate,regulation of orcinol biosynthetic process,8,6,6.17e-05,GO:1904024,GO:1904023,biological_process
positive regulation of immature T cell proliferation,positive regulation of T cell proliferation,regulation of macromolecule biosynthetic process,10,6,9.77e-05,GO:0033091,GO:0042102,biological_process
negative regulation of gamma-delta T cell activation,negative regulation of T cell activation,trisaccharide transport,9,6,6.17e-05,GO:0046644,GO:0050868,biological_process
sarcoplasmic reticulum calcium ion transport,calcium ion transport,XMP biosynthetic process,9,6,4.57e-08,GO:0070296,GO:0006816,biological_process
negative regulation of homoserine biosynthetic process,negative regulation of small molecule metabolic process,purine nucleoside triphosphate catabolic process,8,6,6.17e-05,GO:1901711,GO:0062014,biological_process
positive regulation of B cell chemotaxis,regulation of B cell chemotaxis,regulation of DNA-templated transcription initiation,9,6,9.77e-05,GO:2000538,GO:2000537,biological_process
negative regulation of dehydroaustinol biosynthetic process,negative regulation of secondary metabolite biosynthetic process,positive regulation of G protein-coupled receptor signaling pathway,9,6,6.17e-05,GO:1900650,GO:1900377,biological_process
ERBB3-ERBB4 signaling pathway,ERBB3 signaling pathway,regulation of glucose catabolic process to lactate via pyruvate,9,6,0.0,GO:0038136,GO:0038129,biological_process
"negative regulation of ent-pimara-8(14),15-diene biosynthetic process",negative regulation of lipid biosynthetic process,regulation of dCDP biosynthetic process,9,6,6.17e-05,GO:1901543,GO:0051055,biological_process
positive regulation of T-helper 1 type immune response,regulation of T-helper 1 type immune response,negative regulation of translational elongation,9,6,9.77e-05,GO:0002827,GO:0002825,biological_process
thalianol metabolic process,triterpenoid metabolic process,regulation of hydrogen peroxide catabolic process,9,6,0.0,GO:0080003,GO:0006722,biological_process
"negative regulation of cytokinesis, site selection","regulation of cytokinesis, site selection",O-acetyltransferase activity,8,6,6.17e-05,GO:2000075,GO:2000073,biological_process
negative regulation of nucleotide metabolic process,negative regulation of small molecule metabolic process,alanyl-tRNA aminoacylation,8,6,6.17e-05,GO:0045980,GO:0062014,biological_process
positive regulation of ATP metabolic process,regulation of ATP metabolic process,gamma-delta intraepithelial T cell differentiation,10,6,9.77e-05,GO:1903580,GO:1903578,biological_process
positive regulation of F-9775A biosynthetic process,regulation of F-9775A biosynthetic process,negative regulation of amine metabolic process,10,6,9.77e-05,GO:1900672,GO:1900670,biological_process
negative regulation of uredospore formation,negative regulation of asexual sporulation resulting in formation of a cellular spore,positive regulation of macrophage migration,8,6,6.17e-05,GO:0075254,GO:0043944,biological_process
positive regulation of pectin catabolic process,positive regulation of macromolecule metabolic process,trans-synaptic signaling by soluble gas,8,6,9.77e-05,GO:2001005,GO:0010604,biological_process
negative regulation of octadecene biosynthetic process,regulation of octadecene biosynthetic process,host cell cytoplasm part,9,6,6.17e-05,GO:1900915,GO:1900914,biological_process
positive regulation of orcinol biosynthetic process,regulation of orcinol biosynthetic process,regulation of protein oxidation,9,6,9.77e-05,GO:1900703,GO:1900701,biological_process
positive regulation of mechanoreceptor differentiation,regulation of mechanoreceptor differentiation,regulation of chlorophyll catabolic process,8,6,9.77e-05,GO:0045633,GO:0045631,biological_process
inner ear receptor cell differentiation involved in inner ear sensory epithelium regeneration,mechanoreceptor differentiation involved in mechanosensory epithelium regeneration,regulation of RNA biosynthetic process,8,6,3.16e-05,GO:0070660,GO:0070656,biological_process
positive regulation of microglial cell migration,positive regulation of macrophage migration,central nervous system projection neuron axonogenesis,9,6,9.77e-05,GO:1904141,GO:1905523,biological_process
transcription elongation by RNA polymerase III,DNA-templated transcription elongation,sodium:proton antiporter activity,9,6,3.47e-06,GO:0006385,GO:0006354,biological_process
negative regulation of platelet-derived growth factor receptor-alpha signaling pathway,negative regulation of platelet-derived growth factor receptor signaling pathway,2'-deoxyribonucleoside biosynthetic process,8,6,6.17e-05,GO:2000584,GO:0010642,biological_process
"neutral amino acid, sodium:proton antiporter activity",sodium:proton antiporter activity,methanol metabolic process,9,6,1.74e-05,GO:0140893,GO:0015385,molecular_function
mitochondrial glutaminyl-tRNA aminoacylation,tRNA aminoacylation for mitochondrial protein translation,icosanoid metabolic process,9,6,1.86e-06,GO:0070148,GO:0070127,biological_process
plasminogen activation,zymogen activation,central nervous system projection neuron axonogenesis,9,6,1.1e-07,GO:0031639,GO:0031638,biological_process
positive regulation of PERK-mediated unfolded protein response,positive regulation of endoplasmic reticulum unfolded protein response,positive regulation of purine nucleotide metabolic process,8,6,9.77e-05,GO:1903899,GO:1900103,biological_process
peptidyl-lysine glutarylation,protein acylation,negative regulation of axon regeneration,8,6,2.79e-08,GO:0106227,GO:0043543,biological_process
negative regulation of cilium assembly,negative regulation of organelle assembly,distal stomach smooth muscle contraction,8,6,6.17e-05,GO:1902018,GO:1902116,biological_process
positive regulation of mitotic metaphase/anaphase transition,positive regulation of mitotic nuclear division,inositol phosphate phosphatase activity,9,6,9.77e-05,GO:0045842,GO:0045840,biological_process
positive regulation of alpha-beta T cell differentiation,positive regulation of T cell differentiation,RNA dinucleotide insertion,10,6,9.77e-05,GO:0046638,GO:0045582,biological_process
twitch skeletal muscle contraction,voluntary skeletal muscle contraction,regulation of sodium ion transmembrane transport,9,6,5.75e-06,GO:0014721,GO:0003010,biological_process
pectic galactan metabolic process,rhamnogalacturonan I side chain metabolic process,regulation of octadecene biosynthetic process,9,6,1.95e-08,GO:0010401,GO:0010400,biological_process
purine deoxyribonucleotide salvage,purine deoxyribonucleotide biosynthetic process,negative regulation of polyketide biosynthetic process,8,6,1.51e-07,GO:0106381,GO:0009153,biological_process
negative regulation of protein oxidation,regulation of protein oxidation,regulation of mitochondrial translational elongation,10,6,6.17e-05,GO:1904807,GO:1904806,biological_process
positive regulation of mitotic nuclear division,regulation of mitotic nuclear division,nephron tubule morphogenesis,8,6,9.77e-05,GO:0045840,GO:0007088,biological_process
"regulation of CD4-positive, alpha-beta T cell differentiation",regulation of alpha-beta T cell differentiation,positive regulation of endoplasmic reticulum unfolded protein response,10,6,2.4e-05,GO:0043370,GO:0046637,biological_process
"regulation of Wnt signaling pathway, planar cell polarity pathway",regulation of non-canonical Wnt signaling pathway,symbiont-mediated suppression of host JAK-STAT cascade via inhibition of STAT activity,8,6,2.4e-05,GO:2000095,GO:2000050,biological_process
butyrate catabolic process,short-chain fatty acid catabolic process,glomerular mesangial cell differentiation,8,6,1.35e-07,GO:0046359,GO:0019626,biological_process
positive regulation of toll-like receptor 9 signaling pathway by B cell receptor internalization,B cell receptor internalization,2'-deoxyribonucleoside biosynthetic process,8,6,9.77e-05,GO:1901245,GO:0036300,biological_process
negative regulation of dCDP biosynthetic process,regulation of dCDP biosynthetic process,positive regulation of G protein-coupled receptor signaling pathway,10,6,6.17e-05,GO:1903529,GO:1903528,biological_process
negative regulation of o-orsellinic acid biosynthetic process,regulation of o-orsellinic acid biosynthetic process,positive regulation of purine nucleotide metabolic process,8,6,6.17e-05,GO:1900699,GO:1900698,biological_process
positive regulation of DNA-templated transcription initiation,regulation of DNA-templated transcription initiation,icosanoid metabolic process,11,6,9.77e-05,GO:2000144,GO:2000142,biological_process
negative regulation of mRNA catabolic process,negative regulation of RNA catabolic process,purine nucleoside triphosphate catabolic process,8,6,6.17e-05,GO:1902373,GO:1902369,biological_process
negative regulation of translational frameshifting,negative regulation of translational elongation,regulation of MAP kinase activity,11,6,6.17e-05,GO:2001125,GO:0045900,biological_process
negative regulation of collateral sprouting of intact axon in response to injury,negative regulation of axon regeneration,negative regulation of epithelial cell proliferation,8,6,6.17e-05,GO:0048685,GO:0048681,biological_process
regulation of intrinsic apoptotic signaling pathway in response to osmotic stress by p53 class mediator,regulation of intrinsic apoptotic signaling pathway in response to osmotic stress,protein localization to microtubule,8,6,2.4e-05,GO:1902238,GO:1902218,biological_process
negative regulation of JUN kinase activity,negative regulation of JNK cascade,negative regulation of biosynthetic process,10,6,6.17e-05,GO:0043508,GO:0046329,biological_process
regulation of AMPA glutamate receptor clustering,regulation of glutamate receptor clustering,cellular response to vitamin K,9,6,2.4e-05,GO:1904717,GO:0106104,biological_process
negative regulation of translation in response to endoplasmic reticulum stress,regulation of translation in response to endoplasmic reticulum stress,regulation of myeloid cell apoptotic process,11,6,6.17e-05,GO:1902010,GO:0036490,biological_process
DNA synthesis involved in DNA replication,DNA biosynthetic process,regulation of non-canonical Wnt signaling pathway,8,6,3.09e-05,GO:0090592,GO:0071897,biological_process
purine ribonucleoside diphosphate biosynthetic process,purine nucleoside diphosphate biosynthetic process,positive regulation of endoplasmic reticulum unfolded protein response,9,6,1.51e-07,GO:0009180,GO:0009136,biological_process
positive regulation of (+)-kotanin biosynthetic process,regulation of (+)-kotanin biosynthetic process,intracellularly ligand-gated monoatomic ion channel activity,9,6,9.77e-05,GO:1900694,GO:1900692,biological_process
double membrane vesicle viral factory lumen,host cell cytoplasm part,mitochondrial RNA catabolic process,8,6,0.000102,GO:0062244,GO:0033655,cellular_component
negative regulation of sodium ion export across plasma membrane,negative regulation of sodium ion transmembrane transport,regulation of pyrimidine nucleotide biosynthetic process,9,6,6.17e-05,GO:1903277,GO:1902306,biological_process
negative regulation of regulated secretory pathway,negative regulation of exocytosis,regulation of arachidonate secretion,8,6,6.17e-05,GO:1903306,GO:0045920,biological_process
caveola assembly,plasma membrane raft assembly,regulation of intrinsic apoptotic signaling pathway in response to osmotic stress,9,6,0.0,GO:0070836,GO:0044854,biological_process
negative regulation of starch utilization system complex assembly,negative regulation of protein-containing complex assembly,regulation of macromolecule biosynthetic process,8,6,6.17e-05,GO:1900513,GO:0031333,biological_process
regulation of translation in response to stress,regulation of translation,mesonephric epithelium development,9,6,2.4e-05,GO:0043555,GO:0006417,biological_process
positive regulation of emericellamide A biosynthetic process,regulation of emericellamide A biosynthetic process,tRNA aminoacylation for mitochondrial protein translation,9,6,9.77e-05,GO:1900663,GO:1900661,biological_process
regulation of DNA biosynthetic process,regulation of macromolecule biosynthetic process,regulation of presynapse organization,8,6,2.4e-05,GO:2000278,GO:0010556,biological_process
negative regulation of alcohol catabolic process,regulation of alcohol catabolic process,regulation of (+)-kotanin biosynthetic process,8,6,6.17e-05,GO:1900420,GO:1900419,biological_process
SCF-dependent proteasomal ubiquitin-dependent protein catabolic process,proteasome-mediated ubiquitin-dependent protein catabolic process,peptidyl-histidine modification,9,6,2.65e-07,GO:0031146,GO:0043161,biological_process
positive regulation of urea catabolic process,positive regulation of small molecule metabolic process,cellular response to disaccharide stimulus,8,6,9.77e-05,GO:1901714,GO:0062013,biological_process
negative regulation of calcium ion import,negative regulation of calcium ion transport,negative regulation of epithelial cell proliferation,8,6,6.17e-05,GO:0090281,GO:0051926,biological_process
positive regulation of protein desumoylation,regulation of protein desumoylation,regulation of dCDP biosynthetic process,12,6,9.77e-05,GO:0060189,GO:0060188,biological_process
positive regulation of dopamine metabolic process,regulation of dopamine metabolic process,negative regulation of organelle assembly,8,6,9.77e-05,GO:0045964,GO:0042053,biological_process
positive regulation of ATP metabolic process,positive regulation of purine nucleotide metabolic process,negative regulation of T cell activation,10,6,9.77e-05,GO:1903580,GO:1900544,biological_process
symbiont-mediated suppression of host JAK-STAT cascade via inhibition of STAT2 activity,symbiont-mediated suppression of host JAK-STAT cascade via inhibition of STAT activity,regulation of non-canonical Wnt signaling pathway,10,6,1.16e-07,GO:0039564,GO:0039562,biological_process
"(2S,3R,6S,9S)-(-)-protoillud-7-ene synthase activity",sesquiterpene synthase activity,regulation of leukocyte tethering or rolling,8,6,0.0,GO:0061923,GO:0010334,molecular_function
A-type (transient outward) potassium channel activity,outward rectifier potassium channel activity,positive regulation of dopaminergic neuron differentiation,10,6,0.000185,GO:0005250,GO:0015271,molecular_function
protein histidyl modification to diphthamide,peptidyl-histidine modification,phosphatidylinositol phosphate 5-phosphatase activity,9,6,3.39e-05,GO:0017183,GO:0018202,biological_process
"chromosomal 5-methylcytosine DNA demethylation, oxidation pathway","positive regulation of gene expression, epigenetic",positive regulation of macromolecule metabolic process,8,6,7.08e-07,GO:0141167,GO:0141137,biological_process
cellular response to menaquinone,cellular response to vitamin K,positive regulation of purine nucleotide metabolic process,8,6,7.76e-06,GO:0071308,GO:0071307,biological_process
inositol trisphosphate phosphatase activity,inositol phosphate phosphatase activity,late endosome,8,6,2.29e-07,GO:0046030,GO:0052745,molecular_function
negative regulation of interleukin-1-mediated signaling pathway,negative regulation of cytokine-mediated signaling pathway,sodium:proton antiporter activity,8,6,6.17e-05,GO:2000660,GO:0001960,biological_process
mesonephric nephron epithelium development,mesonephric epithelium development,chemical synaptic transmission,8,6,1.17e-08,GO:0061241,GO:0072163,biological_process
XMP salvage,XMP biosynthetic process,negative regulation of translational elongation,9,6,6.76e-08,GO:0032265,GO:0097293,biological_process
positive regulation of opioid receptor signaling pathway,positive regulation of G protein-coupled receptor signaling pathway,positive regulation of T cell proliferation,8,6,9.77e-05,GO:2000476,GO:0045745,biological_process
interstitial cell of Cajal differentiation,intestinal epithelial cell differentiation,regulation of octopamine signaling pathway,8,6,6.03e-07,GO:0061453,GO:0060575,biological_process
maltotriulose transport,trisaccharide transport,regulation of mannan catabolic process,8,6,0.0,GO:2001090,GO:2001088,biological_process
mitochondrial ATP-gated potassium channel activity,ligand-gated monoatomic cation channel activity,positive regulation of alkane biosynthetic process,8,6,1.86e-06,GO:0062156,GO:0099094,molecular_function
(1->4)-alpha-glucan biosynthetic process,(1->4)-alpha-glucan metabolic process,negative regulation of hormone biosynthetic process,9,6,1.22e-07,GO:0070630,GO:0070629,biological_process
negative regulation of AIM2 inflammasome complex assembly,regulation of AIM2 inflammasome complex assembly,B cell receptor internalization,8,6,6.17e-05,GO:0140972,GO:0140971,biological_process
chondroitin 4-sulfotransferase activity,chondroitin sulfotransferase activity,symbiont-mediated suppression of host signal transduction pathway,8,6,1.12e-07,GO:0047756,GO:0034481,molecular_function
mitochondrial mRNA catabolic process,mitochondrial RNA catabolic process,regulation of B cell chemotaxis,9,6,1.86e-06,GO:0000958,GO:0000957,biological_process
negative regulation of platelet aggregation,negative regulation of homotypic cell-cell adhesion,nephron tubule morphogenesis,8,6,6.17e-05,GO:0090331,GO:0034111,biological_process
positive regulation of hemoglobin biosynthetic process,regulation of hemoglobin biosynthetic process,positive regulation of macromolecule metabolic process,9,6,9.77e-05,GO:0046985,GO:0046984,biological_process
deoxyinosine biosynthetic process,2'-deoxyribonucleoside biosynthetic process,regulation of DNA-templated transcription initiation,8,6,0.0,GO:0046095,GO:0046120,biological_process
positive regulation of smooth endoplasmic reticulum calcium ion concentration,positive regulation of endoplasmic reticulum calcium ion concentration,intracellularly ligand-gated monoatomic ion channel activity,9,6,9.77e-05,GO:0051564,GO:0032470,biological_process
negative regulation of monocyte differentiation,negative regulation of myeloid leukocyte differentiation,protein acylation,9,6,6.17e-05,GO:0045656,GO:0002762,biological_process
leucyl-tRNA aminoacylation,tRNA aminoacylation for protein translation,regulation of MAP kinase activity,9,6,1.27e-08,GO:0006429,GO:0006418,biological_process
